post_id,subreddit,title,score,num_comments,created_at,emotion_joy,emotion_fear,emotion_anger,emotion_sadness,emotion_surprise,emotion_disgust,dominant_emotion,engagement
r_1000,technology,GPT-5 just dropped and it's insane,9724,437,09-01-2025 00:00,0.3796,0.1261,0.1024,0.051,0.2524,0.0885,joy,10161
r_1001,technology,"Google lays off 12,000 more engineers",7409,608,13-03-2025 00:00,0.2761,0.1756,0.1468,0.0969,0.2313,0.0733,joy,8017
r_1002,worldnews,Amazon deforestation reaches all-time high,14256,880,28-04-2025 17:00,0.0688,0.2756,0.1893,0.2631,0.086,0.1171,fear,15136
r_1003,technology,Neuralink patient plays chess with his mind,11593,76,12-01-2025 21:00,0.2778,0.1556,0.1659,0.0827,0.2383,0.0797,joy,11669
r_1004,worldnews,Refugee crisis worsens as borders close,13079,349,10-03-2025 22:00,0.065,0.2635,0.2126,0.1813,0.1167,0.1609,fear,13428
r_1005,technology,Why your next phone won't have a charger port,11324,575,26-02-2025 21:00,0.3519,0.1705,0.1127,0.0793,0.1681,0.1175,joy,11899
r_1006,personalfinance,Side hustle made me more than my day job this year,9342,740,22-03-2025 06:00,0.2623,0.1849,0.1574,0.2255,0.121,0.0489,joy,10082
r_1007,mentalhealth,How I manage ADHD without medication,9627,443,30-05-2025 12:00,0.1466,0.2637,0.0975,0.3089,0.0999,0.0834,sadness,10070
r_1008,personalfinance,Should I buy a house or keep renting?,2671,701,19-04-2025 19:00,0.2828,0.1898,0.1208,0.2032,0.1506,0.0528,joy,3372
r_1009,technology,Tesla autopilot causes another accident,11858,122,18-05-2025 08:00,0.2736,0.2176,0.1304,0.107,0.2342,0.0372,joy,11980
r_1010,personalfinance,Is a 401k still worth it in 2025?,2977,524,28-01-2025 20:00,0.1877,0.2154,0.0902,0.2198,0.1546,0.1323,sadness,3501
r_1011,personalfinance,Side hustle made me more than my day job this year,20964,11,29-01-2025 11:00,0.2171,0.2753,0.0901,0.1973,0.1203,0.0999,fear,20975
r_1012,personalfinance,Should I buy a house or keep renting?,16902,1863,21-05-2025 05:00,0.1471,0.3819,0.1772,0.1066,0.1353,0.0518,fear,18765
r_1013,personalfinance,Roth IRA vs Traditional — breaking it down simply,5157,413,06-04-2025 14:00,0.2699,0.2543,0.1008,0.1729,0.1439,0.0583,joy,5570
r_1014,mentalhealth,How therapy changed my life after 10 years of avoiding it,11647,651,16-01-2025 07:00,0.0829,0.2024,0.0981,0.4647,0.1035,0.0482,sadness,12298
r_1015,technology,Neuralink patient plays chess with his mind,11901,589,28-05-2025 15:00,0.284,0.154,0.1643,0.0722,0.2291,0.0964,joy,12490
r_1016,worldnews,Refugee crisis worsens as borders close,29668,155,26-01-2025 01:00,0.0711,0.2934,0.1633,0.2423,0.1118,0.1181,fear,29823
r_1017,mentalhealth,Sleep deprivation and mental health — the link nobody told me,4613,478,05-03-2025 02:00,0.0844,0.3115,0.1149,0.3326,0.0794,0.0771,sadness,5091
r_1018,mentalhealth,Setting boundaries with toxic family members,3922,175,15-04-2025 15:00,0.1213,0.2099,0.0728,0.4061,0.0904,0.0994,sadness,4097
r_1019,mentalhealth,I finally told my boss about my depression,16681,763,23-05-2025 21:00,0.1418,0.3003,0.0984,0.2766,0.0703,0.1126,fear,17444
r_1020,mentalhealth,Does anyone else feel completely numb all the time?,871,603,03-05-2025 16:00,0.0712,0.221,0.0987,0.4844,0.0509,0.0738,sadness,1474
r_1021,worldnews,UN warns of global food crisis by 2026,4121,1361,08-06-2025 02:00,0.1068,0.2339,0.1801,0.2332,0.1471,0.0989,fear,5482
r_1022,mentalhealth,Grief after losing a parent — how do you cope?,6534,139,18-03-2025 14:00,0.1076,0.2381,0.1878,0.3136,0.0951,0.0578,sadness,6673
r_1023,personalfinance,FIRE movement — is it realistic for normal people?,3542,523,09-03-2025 04:00,0.246,0.1787,0.1194,0.2455,0.1635,0.047,joy,4065
r_1024,personalfinance,FIRE movement — is it realistic for normal people?,19459,1349,18-03-2025 21:00,0.1679,0.2676,0.1317,0.1923,0.1582,0.0823,fear,20808
r_1025,technology,Neuralink patient plays chess with his mind,11807,356,22-02-2025 21:00,0.3314,0.1248,0.1177,0.1068,0.2073,0.112,joy,12163
r_1026,personalfinance,Roth IRA vs Traditional — breaking it down simply,277,811,09-03-2025 05:00,0.2069,0.3561,0.1542,0.099,0.1189,0.0649,fear,1088
r_1027,mentalhealth,My experience with antidepressants — honest review,640,383,30-05-2025 17:00,0.115,0.2304,0.0862,0.4326,0.0879,0.0479,sadness,1023
r_1028,worldnews,Ukraine war enters third year with no end in sight,4973,1027,24-05-2025 13:00,0.0372,0.2234,0.2517,0.2128,0.1357,0.1391,anger,6000
r_1029,worldnews,World leaders meet to discuss AI regulation,14291,1067,05-03-2025 08:00,0.0794,0.2865,0.2465,0.2011,0.1289,0.0576,fear,15358
r_1030,worldnews,Refugee crisis worsens as borders close,15141,795,27-02-2025 00:00,0.0866,0.2852,0.1511,0.212,0.0937,0.1714,fear,15936
r_1031,worldnews,Ukraine war enters third year with no end in sight,24201,681,08-03-2025 05:00,0.0501,0.3123,0.2673,0.1548,0.1187,0.0968,fear,24882
r_1032,personalfinance,I paid off $80k in debt in 3 years — here's how,12658,1148,22-04-2025 00:00,0.1593,0.2864,0.1604,0.151,0.149,0.0939,fear,13806
r_1033,worldnews,China economy contracts for first time in 30 years,10483,1145,14-04-2025 22:00,0.0547,0.3154,0.2526,0.1906,0.1171,0.0697,fear,11628
r_1034,personalfinance,Roth IRA vs Traditional — breaking it down simply,11692,798,15-03-2025 06:00,0.1448,0.2518,0.1601,0.1943,0.157,0.092,fear,12490
r_1035,mentalhealth,Setting boundaries with toxic family members,2830,679,22-01-2025 09:00,0.1081,0.2612,0.134,0.3635,0.0563,0.0768,sadness,3509
r_1036,personalfinance,Is a 401k still worth it in 2025?,9792,1197,27-04-2025 13:00,0.2645,0.327,0.141,0.1222,0.1011,0.0442,fear,10989
r_1037,worldnews,Amazon deforestation reaches all-time high,3625,1083,13-05-2025 14:00,0.0826,0.2924,0.1801,0.2286,0.0696,0.1468,fear,4708
r_1038,technology,My experience building an app with Claude API,9805,329,24-04-2025 19:00,0.2591,0.1997,0.1248,0.0964,0.2099,0.1102,joy,10134
r_1039,mentalhealth,I quit drinking and my mental health transformed,10497,288,14-05-2025 15:00,0.1344,0.2089,0.0895,0.4083,0.0686,0.0904,sadness,10785
r_1040,worldnews,WHO declares new health emergency in Southeast Asia,5503,483,24-02-2025 02:00,0.0651,0.3312,0.1791,0.185,0.162,0.0776,fear,5986
r_1041,mentalhealth,How I manage ADHD without medication,11445,25,28-05-2025 12:00,0.0781,0.2297,0.0857,0.4374,0.0697,0.0995,sadness,11470
r_1042,mentalhealth,Anxiety is ruining my career and I don't know what to do,8997,622,26-02-2025 15:00,0.1348,0.1829,0.1116,0.4035,0.0941,0.0731,sadness,9619
r_1043,worldnews,WHO declares new health emergency in Southeast Asia,7707,135,09-06-2025 17:00,0.0717,0.2352,0.2175,0.2571,0.123,0.0955,sadness,7842
r_1044,technology,Neuralink patient plays chess with his mind,873,271,08-04-2025 10:00,0.3497,0.1965,0.0961,0.1055,0.1635,0.0888,joy,1144
r_1045,worldnews,Historic peace deal signed between rival nations,2530,1106,31-03-2025 07:00,0.0523,0.3102,0.1865,0.2217,0.1422,0.0872,fear,3636
r_1046,technology,Reddit API changes killed third party apps,3958,134,02-05-2025 21:00,0.4065,0.0894,0.0866,0.0618,0.2629,0.0928,joy,4092
r_1047,technology,Why your next phone won't have a charger port,11819,122,11-02-2025 09:00,0.3694,0.1456,0.1044,0.0656,0.2046,0.1104,joy,11941
r_1048,technology,Why your next phone won't have a charger port,1295,611,10-06-2025 07:00,0.2617,0.1393,0.1729,0.1251,0.1967,0.1042,joy,1906
r_1049,technology,Microsoft Copilot replaced my entire dev workflow,5738,550,20-04-2025 21:00,0.3131,0.186,0.1309,0.0428,0.2389,0.0884,joy,6288
r_1050,personalfinance,Is a 401k still worth it in 2025?,26233,1047,14-05-2025 20:00,0.2022,0.2296,0.1489,0.2128,0.089,0.1176,fear,27280
r_1051,personalfinance,I finally understand compound interest and I'm terrified,8465,206,29-04-2025 18:00,0.253,0.2716,0.1205,0.1519,0.1406,0.0624,fear,8671
r_1052,mentalhealth,Social media is making my anxiety 10x worse,9817,723,12-03-2025 17:00,0.0465,0.3168,0.1089,0.3449,0.1111,0.0719,sadness,10540
r_1053,technology,My experience building an app with Claude API,10632,733,06-05-2025 14:00,0.3669,0.0878,0.1559,0.0741,0.2261,0.0892,joy,11365
r_1054,technology,Apple removes headphone jack again,5682,440,21-05-2025 10:00,0.3199,0.1612,0.1217,0.1038,0.1995,0.0939,joy,6122
r_1055,personalfinance,Is it too late to start investing at 35?,22617,468,12-03-2025 23:00,0.2111,0.2426,0.1079,0.2142,0.1153,0.109,fear,23085
r_1056,personalfinance,Is a 401k still worth it in 2025?,795,60,22-05-2025 09:00,0.2825,0.2446,0.1214,0.1432,0.1524,0.0559,joy,855
r_1057,worldnews,North Korea launches missiles toward Japan,6301,142,30-01-2025 02:00,0.084,0.2595,0.2567,0.1933,0.1046,0.1019,fear,6443
r_1058,mentalhealth,The loneliness epidemic is real and nobody talks about it,4116,126,23-05-2025 13:00,0.0572,0.3049,0.1011,0.3623,0.0994,0.0752,sadness,4242
r_1059,worldnews,Refugee crisis worsens as borders close,24636,159,23-02-2025 20:00,0.0642,0.2592,0.1952,0.2337,0.1561,0.0916,fear,24795
r_1060,worldnews,WHO declares new health emergency in Southeast Asia,20450,1002,14-03-2025 22:00,0.0982,0.2871,0.206,0.1819,0.085,0.1418,fear,21452
r_1061,mentalhealth,How therapy changed my life after 10 years of avoiding it,7015,122,20-05-2025 07:00,0.1006,0.2528,0.1434,0.3327,0.0763,0.0942,sadness,7137
r_1062,worldnews,World leaders meet to discuss AI regulation,4778,454,01-02-2025 14:00,0.0547,0.24,0.1537,0.2564,0.1353,0.1599,sadness,5232
r_1063,personalfinance,Is it too late to start investing at 35?,10928,1223,28-05-2025 18:00,0.2024,0.2354,0.1352,0.1647,0.1403,0.122,fear,12151
r_1064,technology,Reddit API changes killed third party apps,4607,190,30-05-2025 13:00,0.3684,0.1305,0.0899,0.1065,0.207,0.0976,joy,4797
r_1065,mentalhealth,How therapy changed my life after 10 years of avoiding it,8167,300,13-04-2025 17:00,0.1112,0.2599,0.1367,0.3471,0.061,0.0841,sadness,8467
r_1066,technology,EU fines Apple $2B for App Store violations,68,678,19-05-2025 14:00,0.2719,0.1288,0.1005,0.1089,0.2765,0.1134,surprise,746
r_1067,mentalhealth,Anxiety is ruining my career and I don't know what to do,9048,139,15-03-2025 14:00,0.0617,0.215,0.1685,0.3998,0.0995,0.0555,sadness,9187
r_1068,mentalhealth,How therapy changed my life after 10 years of avoiding it,6734,100,27-02-2025 03:00,0.0431,0.2587,0.1745,0.4186,0.0643,0.0408,sadness,6834
r_1069,mentalhealth,How therapy changed my life after 10 years of avoiding it,7955,488,04-03-2025 14:00,0.1175,0.1842,0.1915,0.3376,0.0962,0.0731,sadness,8443
r_1070,worldnews,Ukraine war enters third year with no end in sight,18724,796,01-01-2025 09:00,0.0473,0.3083,0.2649,0.1558,0.0757,0.148,fear,19520
r_1071,personalfinance,Side hustle made me more than my day job this year,21306,1743,24-03-2025 06:00,0.2167,0.3644,0.1207,0.1051,0.1247,0.0685,fear,23049
r_1072,worldnews,Global inflation still rising despite rate hikes,17555,981,08-02-2025 15:00,0.056,0.326,0.192,0.1672,0.1084,0.1503,fear,18536
r_1073,technology,Why I switched from Mac to Linux and never looked back,7536,20,06-02-2025 13:00,0.3018,0.1643,0.1737,0.1036,0.1794,0.0773,joy,7556
r_1074,worldnews,Climate summit ends with no binding agreement,24193,1169,05-05-2025 17:00,0.0574,0.3213,0.1687,0.2006,0.117,0.135,fear,25362
r_1075,technology,Why your next phone won't have a charger port,1662,783,26-01-2025 14:00,0.2375,0.1713,0.1803,0.1134,0.2267,0.0707,joy,2445
r_1076,worldnews,Amazon deforestation reaches all-time high,8958,1302,16-02-2025 05:00,0.0667,0.2565,0.2347,0.1763,0.1284,0.1374,fear,10260
r_1077,worldnews,Climate summit ends with no binding agreement,23727,627,30-04-2025 09:00,0.074,0.2639,0.2473,0.1998,0.125,0.0899,fear,24354
r_1078,worldnews,Climate summit ends with no binding agreement,13994,519,28-01-2025 07:00,0.0647,0.2653,0.2382,0.2251,0.1124,0.0944,fear,14513
r_1079,mentalhealth,I had a panic attack at work today,182,584,13-01-2025 19:00,0.0906,0.2262,0.1788,0.3102,0.1161,0.0782,sadness,766
r_1080,mentalhealth,I quit drinking and my mental health transformed,10222,261,05-02-2025 20:00,0.1362,0.1887,0.1612,0.368,0.0625,0.0834,sadness,10483
r_1081,technology,Neuralink patient plays chess with his mind,4885,339,17-04-2025 05:00,0.39,0.0989,0.2001,0.0489,0.2044,0.0579,joy,5224
r_1082,worldnews,"Major earthquake hits coastal region, thousands displaced",20229,656,30-01-2025 14:00,0.0855,0.3449,0.1936,0.1996,0.0936,0.0828,fear,20885
r_1083,technology,Why I switched from Mac to Linux and never looked back,9181,379,24-01-2025 12:00,0.3525,0.1135,0.1575,0.0918,0.1794,0.1052,joy,9560
r_1084,technology,Meta's new AR glasses hands-on review,6136,115,01-03-2025 15:00,0.3096,0.1452,0.1527,0.0891,0.2029,0.1005,joy,6251
r_1085,technology,Why your next phone won't have a charger port,11536,314,15-04-2025 03:00,0.3686,0.1641,0.1834,0.0558,0.1257,0.1023,joy,11850
r_1086,worldnews,UN warns of global food crisis by 2026,18484,929,19-05-2025 13:00,0.1021,0.2655,0.2281,0.1549,0.1645,0.0849,fear,19413
r_1087,worldnews,World leaders meet to discuss AI regulation,13729,582,03-04-2025 03:00,0.0669,0.2374,0.2357,0.2059,0.1775,0.0767,fear,14311
r_1088,personalfinance,Roth IRA vs Traditional — breaking it down simply,18470,230,02-06-2025 00:00,0.2552,0.279,0.0819,0.1199,0.152,0.1119,fear,18700
r_1089,technology,Reddit API changes killed third party apps,9657,226,01-03-2025 10:00,0.2668,0.2166,0.1586,0.0513,0.2299,0.0767,joy,9883
r_1090,worldnews,Refugee crisis worsens as borders close,4741,165,04-01-2025 11:00,0.1044,0.2242,0.3091,0.1707,0.0891,0.1026,anger,4906
r_1091,worldnews,Global inflation still rising despite rate hikes,7852,464,03-04-2025 16:00,0.0598,0.2493,0.1546,0.2528,0.1298,0.1537,sadness,8316
r_1092,technology,EU fines Apple $2B for App Store violations,7554,663,08-01-2025 01:00,0.2968,0.2141,0.0789,0.095,0.2395,0.0757,joy,8217
r_1093,mentalhealth,I quit drinking and my mental health transformed,10016,156,17-01-2025 04:00,0.0839,0.2567,0.1321,0.4395,0.0436,0.0442,sadness,10172
r_1094,personalfinance,I finally understand compound interest and I'm terrified,18932,1064,22-05-2025 23:00,0.2138,0.2606,0.1024,0.2311,0.1183,0.0737,fear,19996
r_1095,worldnews,Ukraine war enters third year with no end in sight,17359,702,09-02-2025 21:00,0.073,0.2738,0.2183,0.2229,0.1245,0.0876,fear,18061
r_1096,mentalhealth,How therapy changed my life after 10 years of avoiding it,1032,605,24-05-2025 17:00,0.0563,0.1918,0.1456,0.4736,0.0771,0.0557,sadness,1637
r_1097,personalfinance,Medical bills wiped out my savings. What now?,10059,1220,10-05-2025 06:00,0.1468,0.2427,0.1401,0.2104,0.1572,0.1028,fear,11279
r_1098,worldnews,North Korea launches missiles toward Japan,9932,1146,09-06-2025 19:00,0.0669,0.3487,0.1959,0.212,0.0799,0.0966,fear,11078
r_1099,technology,Why your next phone won't have a charger port,5617,364,02-01-2025 05:00,0.3649,0.1997,0.1052,0.0511,0.2182,0.0608,joy,5981
r_1100,worldnews,Global inflation still rising despite rate hikes,6213,434,27-04-2025 10:00,0.0768,0.2107,0.2558,0.2618,0.0755,0.1192,sadness,6647
r_1101,worldnews,China economy contracts for first time in 30 years,16651,85,19-04-2025 15:00,0.0516,0.2423,0.2768,0.203,0.1478,0.0784,anger,16736
r_1102,mentalhealth,How I manage ADHD without medication,8022,544,20-03-2025 01:00,0.075,0.2894,0.0965,0.3772,0.0646,0.0972,sadness,8566
r_1103,worldnews,Ukraine war enters third year with no end in sight,4792,340,31-01-2025 00:00,0.0969,0.2048,0.1639,0.254,0.1404,0.1401,sadness,5132
r_1104,mentalhealth,Sleep deprivation and mental health — the link nobody told me,5852,78,12-04-2025 23:00,0.0996,0.1963,0.1564,0.3542,0.092,0.1015,sadness,5930
r_1105,technology,Tesla autopilot causes another accident,6893,301,30-01-2025 12:00,0.2318,0.2169,0.175,0.0821,0.202,0.0923,joy,7194
r_1106,technology,OpenAI CEO says AGI is 2 years away,1784,254,22-04-2025 18:00,0.2723,0.2358,0.1376,0.0969,0.1811,0.0763,joy,2038
r_1107,mentalhealth,My experience with antidepressants — honest review,10424,121,16-05-2025 16:00,0.0499,0.302,0.171,0.3273,0.1033,0.0465,sadness,10545
r_1108,worldnews,World leaders meet to discuss AI regulation,5883,308,20-01-2025 05:00,0.0839,0.2548,0.2889,0.2163,0.0803,0.0759,anger,6191
r_1109,mentalhealth,The loneliness epidemic is real and nobody talks about it,10282,335,10-06-2025 10:00,0.11,0.2373,0.1128,0.3917,0.0718,0.0765,sadness,10617
r_1110,worldnews,Historic peace deal signed between rival nations,11563,925,15-03-2025 02:00,0.0443,0.3201,0.215,0.1988,0.0845,0.1373,fear,12488
r_1111,technology,Why your next phone won't have a charger port,9416,672,18-02-2025 10:00,0.3272,0.1382,0.1461,0.1136,0.2326,0.0423,joy,10088
r_1112,mentalhealth,My experience with antidepressants — honest review,8316,666,14-02-2025 01:00,0.0615,0.1798,0.0978,0.4867,0.0714,0.1028,sadness,8982
r_1113,worldnews,Amazon deforestation reaches all-time high,14427,1850,27-03-2025 02:00,0.0687,0.3004,0.2424,0.1699,0.1143,0.1044,fear,16277
r_1114,personalfinance,Is a 401k still worth it in 2025?,4728,818,31-03-2025 09:00,0.2075,0.2353,0.0993,0.2145,0.1558,0.0875,fear,5546
r_1115,mentalhealth,Does anyone else feel completely numb all the time?,11029,724,15-05-2025 02:00,0.1011,0.2813,0.1063,0.3223,0.0937,0.0953,sadness,11753
r_1116,mentalhealth,My experience with antidepressants — honest review,3761,145,09-02-2025 02:00,0.0906,0.2368,0.1104,0.3507,0.1258,0.0857,sadness,3906
r_1117,personalfinance,Side hustle made me more than my day job this year,24391,279,16-02-2025 22:00,0.2357,0.2505,0.118,0.1898,0.117,0.089,fear,24670
r_1118,worldnews,Amazon deforestation reaches all-time high,17283,516,01-05-2025 06:00,0.0659,0.2831,0.2595,0.174,0.1171,0.1003,fear,17799
r_1119,personalfinance,Medical bills wiped out my savings. What now?,7036,417,06-03-2025 01:00,0.2554,0.3357,0.11,0.1176,0.104,0.0773,fear,7453
r_1120,mentalhealth,I quit drinking and my mental health transformed,2676,284,26-04-2025 16:00,0.0814,0.2978,0.1591,0.3687,0.0481,0.0449,sadness,2960
r_1121,worldnews,Nuclear power making a comeback worldwide,2122,846,21-01-2025 11:00,0.0654,0.3746,0.1784,0.2026,0.1064,0.0726,fear,2968
r_1122,worldnews,UN warns of global food crisis by 2026,13364,1330,01-05-2025 14:00,0.064,0.2537,0.2958,0.2086,0.0952,0.0826,anger,14694
r_1123,technology,Neuralink patient plays chess with his mind,1871,799,15-03-2025 07:00,0.2642,0.1265,0.1884,0.0877,0.2472,0.086,joy,2670
r_1124,personalfinance,Is a 401k still worth it in 2025?,17848,1250,03-03-2025 22:00,0.1468,0.2806,0.165,0.1761,0.1022,0.1293,fear,19098
r_1125,worldnews,WHO declares new health emergency in Southeast Asia,16404,168,10-05-2025 17:00,0.0663,0.3235,0.1855,0.202,0.1423,0.0805,fear,16572
r_1126,technology,Tesla autopilot causes another accident,1156,358,03-03-2025 23:00,0.391,0.0896,0.1302,0.0719,0.2467,0.0706,joy,1514
r_1127,technology,Reddit API changes killed third party apps,11267,480,03-05-2025 20:00,0.3456,0.2086,0.0996,0.0707,0.1807,0.0948,joy,11747
r_1128,worldnews,Refugee crisis worsens as borders close,2011,741,20-05-2025 15:00,0.0414,0.3121,0.284,0.1351,0.0849,0.1425,fear,2752
r_1129,personalfinance,I paid off $80k in debt in 3 years — here's how,2089,381,22-04-2025 12:00,0.2485,0.2048,0.1121,0.2117,0.1542,0.0688,joy,2470
r_1130,mentalhealth,Meditation didn't work for me — what actually helped,4419,89,19-04-2025 02:00,0.1456,0.2015,0.0963,0.3936,0.0653,0.0976,sadness,4508
r_1131,mentalhealth,I had a panic attack at work today,7355,622,20-04-2025 05:00,0.1783,0.2113,0.1289,0.3362,0.0741,0.0712,sadness,7977
r_1132,mentalhealth,Social media is making my anxiety 10x worse,989,81,14-04-2025 11:00,0.083,0.2449,0.1679,0.3572,0.0663,0.0808,sadness,1070
r_1133,worldnews,UN warns of global food crisis by 2026,13208,861,04-06-2025 04:00,0.0445,0.3127,0.2735,0.1432,0.0762,0.15,fear,14069
r_1134,mentalhealth,Social media is making my anxiety 10x worse,4139,121,07-01-2025 23:00,0.0795,0.2648,0.1397,0.3622,0.0674,0.0863,sadness,4260
r_1135,worldnews,Historic peace deal signed between rival nations,25124,771,21-02-2025 03:00,0.0656,0.3404,0.1478,0.2287,0.1324,0.0852,fear,25895
r_1136,worldnews,Nuclear power making a comeback worldwide,5286,688,30-03-2025 22:00,0.0349,0.2086,0.23,0.2428,0.1347,0.149,sadness,5974
r_1137,technology,My experience building an app with Claude API,5972,525,27-02-2025 03:00,0.2751,0.1874,0.1534,0.0816,0.2259,0.0766,joy,6497
r_1138,worldnews,Refugee crisis worsens as borders close,21919,268,21-03-2025 12:00,0.0439,0.342,0.142,0.2136,0.1068,0.1516,fear,22187
r_1139,mentalhealth,My experience with antidepressants — honest review,7682,701,13-05-2025 11:00,0.1015,0.2562,0.1693,0.3466,0.0743,0.0522,sadness,8383
r_1140,worldnews,World leaders meet to discuss AI regulation,2218,278,11-02-2025 10:00,0.0849,0.2796,0.2215,0.2258,0.0762,0.112,fear,2496
r_1141,worldnews,China economy contracts for first time in 30 years,11024,309,24-01-2025 16:00,0.1009,0.2996,0.189,0.1505,0.0903,0.1698,fear,11333
r_1142,worldnews,Global inflation still rising despite rate hikes,15899,66,12-01-2025 20:00,0.0896,0.2105,0.2267,0.2139,0.1186,0.1407,anger,15965
r_1143,personalfinance,Medical bills wiped out my savings. What now?,24123,773,14-04-2025 09:00,0.1752,0.3128,0.1476,0.0967,0.1723,0.0954,fear,24896
r_1144,mentalhealth,How therapy changed my life after 10 years of avoiding it,11819,331,30-03-2025 12:00,0.1319,0.1994,0.1397,0.4012,0.0723,0.0554,sadness,12150
r_1145,worldnews,Refugee crisis worsens as borders close,3419,121,07-06-2025 13:00,0.0632,0.3196,0.2031,0.2129,0.1017,0.0996,fear,3540
r_1146,worldnews,Nuclear power making a comeback worldwide,19500,1022,06-01-2025 02:00,0.0838,0.3008,0.259,0.2057,0.0768,0.074,fear,20522
r_1147,mentalhealth,My experience with antidepressants — honest review,10769,693,01-05-2025 09:00,0.1074,0.2247,0.1698,0.328,0.0708,0.0994,sadness,11462
r_1148,technology,The real cost of AI training on environment,888,588,24-05-2025 06:00,0.335,0.1321,0.1455,0.0902,0.2403,0.0568,joy,1476
r_1149,personalfinance,Roth IRA vs Traditional — breaking it down simply,19404,247,06-04-2025 10:00,0.18,0.257,0.1257,0.1819,0.1581,0.0973,fear,19651
r_1150,personalfinance,How to negotiate a salary increase that actually works,17629,1245,12-05-2025 04:00,0.1783,0.3496,0.1397,0.1077,0.1036,0.121,fear,18874
r_1151,personalfinance,FIRE movement — is it realistic for normal people?,8401,550,06-05-2025 22:00,0.2323,0.205,0.1696,0.2112,0.1107,0.0713,joy,8951
r_1152,personalfinance,Credit card debt is destroying my life,11933,709,07-01-2025 19:00,0.2308,0.2153,0.1234,0.2182,0.1167,0.0956,joy,12642
r_1153,mentalhealth,Burnout is real — took 3 months off and here's what happened,2843,541,08-06-2025 12:00,0.1307,0.2388,0.145,0.3312,0.0818,0.0726,sadness,3384
r_1154,worldnews,Nuclear power making a comeback worldwide,4164,702,06-06-2025 15:00,0.0885,0.2307,0.3274,0.1663,0.077,0.1102,anger,4866
r_1155,technology,Microsoft Copilot replaced my entire dev workflow,2887,475,17-05-2025 10:00,0.306,0.1321,0.139,0.1086,0.2383,0.076,joy,3362
r_1156,personalfinance,Medical bills wiped out my savings. What now?,9639,596,18-03-2025 09:00,0.231,0.2885,0.1247,0.1811,0.1222,0.0525,fear,10235
r_1157,worldnews,Amazon deforestation reaches all-time high,2046,592,20-05-2025 12:00,0.0786,0.2472,0.1872,0.2521,0.143,0.0919,sadness,2638
r_1158,mentalhealth,I quit drinking and my mental health transformed,7297,676,07-03-2025 23:00,0.0891,0.3104,0.1068,0.3156,0.1274,0.0507,sadness,7973
r_1159,mentalhealth,I finally told my boss about my depression,9664,250,04-03-2025 01:00,0.0605,0.2318,0.1808,0.3948,0.048,0.0841,sadness,9914
r_1160,worldnews,North Korea launches missiles toward Japan,20007,424,02-05-2025 15:00,0.0565,0.2504,0.2177,0.2268,0.1557,0.0929,fear,20431
r_1161,worldnews,Refugee crisis worsens as borders close,8817,761,10-01-2025 05:00,0.0933,0.2423,0.2303,0.2432,0.0723,0.1186,sadness,9578
r_1162,mentalhealth,Meditation didn't work for me — what actually helped,4792,43,03-01-2025 09:00,0.1233,0.2716,0.074,0.3925,0.0904,0.0482,sadness,4835
r_1163,technology,Neuralink patient plays chess with his mind,8311,484,11-03-2025 06:00,0.355,0.1122,0.1776,0.0746,0.1778,0.1028,joy,8795
r_1164,technology,OpenAI CEO says AGI is 2 years away,9352,695,19-02-2025 05:00,0.2872,0.1656,0.1197,0.0593,0.2568,0.1115,joy,10047
r_1165,mentalhealth,I quit drinking and my mental health transformed,4114,11,08-03-2025 12:00,0.0984,0.229,0.1381,0.3224,0.1278,0.0843,sadness,4125
r_1166,worldnews,Historic peace deal signed between rival nations,21228,487,20-03-2025 05:00,0.0792,0.34,0.1739,0.2176,0.0642,0.1251,fear,21715
r_1167,mentalhealth,Grief after losing a parent — how do you cope?,4883,381,07-06-2025 07:00,0.0935,0.2826,0.1533,0.319,0.046,0.1056,sadness,5264
r_1168,worldnews,"Major earthquake hits coastal region, thousands displaced",15168,1272,02-06-2025 02:00,0.0584,0.2469,0.2669,0.1639,0.1225,0.1414,anger,16440
r_1169,mentalhealth,My experience with antidepressants — honest review,9433,554,08-02-2025 05:00,0.1381,0.1914,0.1639,0.3244,0.093,0.0893,sadness,9987
r_1170,personalfinance,Side hustle made me more than my day job this year,961,469,03-02-2025 16:00,0.2466,0.2223,0.117,0.2102,0.1059,0.0981,joy,1430
r_1171,mentalhealth,The loneliness epidemic is real and nobody talks about it,99,768,25-02-2025 18:00,0.112,0.2594,0.1672,0.3553,0.0434,0.0628,sadness,867
r_1172,technology,GPT-5 just dropped and it's insane,7784,37,15-03-2025 13:00,0.2872,0.1792,0.1353,0.0418,0.2455,0.1109,joy,7821
r_1173,worldnews,Refugee crisis worsens as borders close,16095,929,19-05-2025 04:00,0.0376,0.2726,0.2264,0.2326,0.0925,0.1384,fear,17024
r_1174,personalfinance,Is a 401k still worth it in 2025?,954,745,19-04-2025 17:00,0.1702,0.3064,0.1401,0.2251,0.1121,0.0461,fear,1699
r_1175,mentalhealth,I quit drinking and my mental health transformed,577,681,18-04-2025 19:00,0.0727,0.2516,0.1062,0.342,0.1184,0.109,sadness,1258
r_1176,technology,"Google lays off 12,000 more engineers",774,416,23-04-2025 07:00,0.334,0.1176,0.1028,0.1074,0.2845,0.0537,joy,1190
r_1177,worldnews,Refugee crisis worsens as borders close,8432,1074,24-03-2025 07:00,0.093,0.2142,0.2223,0.1758,0.1516,0.143,anger,9506
r_1178,personalfinance,FIRE movement — is it realistic for normal people?,7235,1478,13-01-2025 11:00,0.1659,0.339,0.1134,0.1487,0.0985,0.1345,fear,8713
r_1179,mentalhealth,Setting boundaries with toxic family members,3998,235,18-03-2025 22:00,0.1049,0.2766,0.1315,0.3465,0.0558,0.0846,sadness,4233
r_1180,worldnews,Refugee crisis worsens as borders close,9004,416,26-04-2025 11:00,0.0721,0.2355,0.2271,0.2122,0.1345,0.1186,fear,9420
r_1181,technology,My experience building an app with Claude API,3132,784,31-05-2025 23:00,0.3563,0.1106,0.1123,0.094,0.2167,0.11,joy,3916
r_1182,worldnews,Historic peace deal signed between rival nations,5520,1718,04-03-2025 22:00,0.0468,0.3476,0.182,0.2519,0.0869,0.0848,fear,7238
r_1183,worldnews,Ukraine war enters third year with no end in sight,10026,838,26-01-2025 23:00,0.0894,0.2766,0.2487,0.1744,0.1137,0.0972,fear,10864
r_1184,mentalhealth,Setting boundaries with toxic family members,2440,21,08-03-2025 17:00,0.1307,0.2844,0.1156,0.3368,0.0789,0.0536,sadness,2461
r_1185,mentalhealth,Burnout is real — took 3 months off and here's what happened,11270,350,07-03-2025 15:00,0.0574,0.2095,0.1236,0.4398,0.0787,0.0909,sadness,11620
r_1186,mentalhealth,The loneliness epidemic is real and nobody talks about it,8932,662,16-01-2025 16:00,0.0566,0.2699,0.0943,0.3985,0.0743,0.1065,sadness,9594
r_1187,technology,The real cost of AI training on environment,3841,74,08-02-2025 00:00,0.3233,0.1991,0.1379,0.0871,0.1601,0.0925,joy,3915
r_1188,worldnews,"Floods devastate Europe, millions evacuated",307,11,17-05-2025 17:00,0.06,0.1978,0.2257,0.2428,0.1487,0.1249,sadness,318
r_1189,mentalhealth,Anxiety is ruining my career and I don't know what to do,7104,188,28-01-2025 03:00,0.0431,0.2826,0.148,0.3459,0.0822,0.0983,sadness,7292
r_1190,worldnews,Oil prices hit record high amid Middle East tensions,15850,1231,27-02-2025 09:00,0.047,0.2929,0.274,0.172,0.1083,0.1058,fear,17081
r_1191,technology,Deepfakes are now indistinguishable from real video,10482,14,13-02-2025 02:00,0.3997,0.1845,0.084,0.0726,0.1808,0.0783,joy,10496
r_1192,mentalhealth,I quit drinking and my mental health transformed,747,240,24-02-2025 22:00,0.0832,0.2579,0.1336,0.408,0.043,0.0743,sadness,987
r_1193,mentalhealth,Burnout is real — took 3 months off and here's what happened,5202,21,23-02-2025 18:00,0.0458,0.1726,0.1918,0.4616,0.0854,0.0428,sadness,5223
r_1194,worldnews,Refugee crisis worsens as borders close,17325,1488,05-02-2025 22:00,0.0777,0.2974,0.2544,0.1529,0.1087,0.1089,fear,18813
r_1195,technology,My experience building an app with Claude API,10107,614,12-04-2025 10:00,0.4151,0.1564,0.106,0.0677,0.1527,0.1022,joy,10721
r_1196,technology,Deepfakes are now indistinguishable from real video,11186,604,08-04-2025 02:00,0.2639,0.2221,0.1292,0.0637,0.2517,0.0693,joy,11790
r_1197,personalfinance,How to negotiate a salary increase that actually works,13899,646,20-03-2025 14:00,0.2067,0.2265,0.1315,0.1825,0.185,0.0679,fear,14545
r_1198,personalfinance,How to negotiate a salary increase that actually works,1033,188,03-06-2025 10:00,0.2056,0.235,0.1197,0.1913,0.1567,0.0915,fear,1221
r_1199,mentalhealth,Anxiety is ruining my career and I don't know what to do,9420,538,13-02-2025 21:00,0.0696,0.206,0.0836,0.4269,0.1043,0.1097,sadness,9958
r_1200,mentalhealth,Does anyone else feel completely numb all the time?,7983,83,03-04-2025 08:00,0.067,0.2463,0.1647,0.3463,0.0885,0.0872,sadness,8066
r_1201,worldnews,Amazon deforestation reaches all-time high,11974,1602,23-04-2025 10:00,0.0793,0.316,0.1754,0.156,0.1027,0.1707,fear,13576
r_1202,mentalhealth,I quit drinking and my mental health transformed,7898,326,15-02-2025 12:00,0.1287,0.245,0.1403,0.3154,0.0818,0.0887,sadness,8224
r_1203,personalfinance,Index funds vs ETFs — what I wish I knew earlier,12415,867,01-06-2025 17:00,0.2252,0.2716,0.1492,0.1944,0.1005,0.0592,fear,13282
r_1204,worldnews,North Korea launches missiles toward Japan,11401,75,15-04-2025 21:00,0.0815,0.1973,0.2455,0.2499,0.0845,0.1413,sadness,11476
r_1205,mentalhealth,Does anyone else feel completely numb all the time?,9846,495,30-05-2025 12:00,0.1109,0.19,0.1521,0.4045,0.0986,0.0439,sadness,10341
r_1206,mentalhealth,My experience with antidepressants — honest review,1841,792,05-03-2025 21:00,0.0381,0.27,0.1407,0.3792,0.075,0.097,sadness,2633
r_1207,personalfinance,My emergency fund saved me this month,7102,113,03-01-2025 03:00,0.2349,0.1774,0.1668,0.198,0.1177,0.1053,joy,7215
r_1208,personalfinance,Should I buy a house or keep renting?,27850,1217,07-01-2025 15:00,0.2121,0.2774,0.133,0.1809,0.1216,0.075,fear,29067
r_1209,technology,Meta's new AR glasses hands-on review,7510,216,14-05-2025 15:00,0.3203,0.2443,0.0981,0.1204,0.149,0.0679,joy,7726
r_1210,personalfinance,Credit card debt is destroying my life,1028,845,12-02-2025 23:00,0.1639,0.3679,0.1404,0.1097,0.101,0.1171,fear,1873
r_1211,worldnews,"Floods devastate Europe, millions evacuated",3072,195,21-04-2025 12:00,0.047,0.237,0.237,0.273,0.0939,0.1121,sadness,3267
r_1212,technology,Microsoft Copilot replaced my entire dev workflow,11580,69,28-05-2025 03:00,0.3519,0.1161,0.1572,0.074,0.2421,0.0587,joy,11649
r_1213,worldnews,China economy contracts for first time in 30 years,23703,928,31-03-2025 11:00,0.0547,0.2744,0.1759,0.2467,0.1186,0.1297,fear,24631
r_1214,mentalhealth,I had a panic attack at work today,5181,125,03-03-2025 09:00,0.0528,0.233,0.1532,0.4035,0.0759,0.0816,sadness,5306
r_1215,technology,Why I switched from Mac to Linux and never looked back,8023,655,18-05-2025 22:00,0.3321,0.1137,0.1403,0.0972,0.2349,0.0818,joy,8678
r_1216,worldnews,"Floods devastate Europe, millions evacuated",400,1237,24-05-2025 16:00,0.0452,0.252,0.1671,0.2495,0.1306,0.1556,fear,1637
r_1217,mentalhealth,How I manage ADHD without medication,3663,304,09-01-2025 08:00,0.1226,0.2273,0.1815,0.3792,0.0468,0.0426,sadness,3967
r_1218,worldnews,"Floods devastate Europe, millions evacuated",19506,275,04-04-2025 17:00,0.0487,0.3055,0.2106,0.2187,0.1075,0.109,fear,19781
r_1219,technology,Reddit API changes killed third party apps,4927,38,26-04-2025 08:00,0.3163,0.1492,0.1771,0.0429,0.2253,0.0892,joy,4965
r_1220,personalfinance,Side hustle made me more than my day job this year,9682,710,31-03-2025 22:00,0.2352,0.2325,0.1497,0.1915,0.0928,0.0984,joy,10392
r_1221,mentalhealth,Does anyone else feel completely numb all the time?,9828,556,13-02-2025 10:00,0.096,0.2407,0.1497,0.3718,0.0722,0.0696,sadness,10384
r_1222,personalfinance,Index funds vs ETFs — what I wish I knew earlier,18969,162,02-02-2025 22:00,0.1918,0.3176,0.1098,0.203,0.1316,0.0461,fear,19131
r_1223,worldnews,Oil prices hit record high amid Middle East tensions,25275,605,20-01-2025 20:00,0.0477,0.2806,0.1931,0.2719,0.1172,0.0895,fear,25880
r_1224,technology,Tesla autopilot causes another accident,90,797,24-01-2025 23:00,0.308,0.1189,0.1837,0.0664,0.2598,0.0632,joy,887
r_1225,mentalhealth,Grief after losing a parent — how do you cope?,3520,511,10-03-2025 10:00,0.1269,0.2304,0.0929,0.4101,0.0609,0.0788,sadness,4031
r_1226,personalfinance,Lost my job — what do I do with my finances?,802,106,10-06-2025 14:00,0.2075,0.186,0.1481,0.206,0.1515,0.1009,joy,908
r_1227,technology,Apple removes headphone jack again,2211,670,19-03-2025 05:00,0.368,0.0997,0.1276,0.113,0.1784,0.1133,joy,2881
r_1228,personalfinance,Is a 401k still worth it in 2025?,5055,748,01-03-2025 13:00,0.2406,0.2249,0.1175,0.2404,0.0998,0.0768,joy,5803
r_1229,technology,Microsoft Copilot replaced my entire dev workflow,182,717,29-03-2025 03:00,0.3094,0.1384,0.1083,0.1061,0.2462,0.0916,joy,899
r_1230,mentalhealth,Sleep deprivation and mental health — the link nobody told me,4952,145,08-04-2025 04:00,0.0626,0.192,0.1411,0.4774,0.054,0.0729,sadness,5097
r_1231,worldnews,Climate summit ends with no binding agreement,4068,709,25-02-2025 02:00,0.0707,0.2072,0.2486,0.1975,0.1429,0.1332,anger,4777
r_1232,technology,Why I switched from Mac to Linux and never looked back,4587,665,22-01-2025 07:00,0.3606,0.1744,0.1262,0.1171,0.1704,0.0512,joy,5252
r_1233,personalfinance,How to negotiate a salary increase that actually works,3140,770,11-04-2025 09:00,0.2737,0.1672,0.1494,0.2226,0.0975,0.0896,joy,3910
r_1234,technology,Reddit API changes killed third party apps,8705,17,03-04-2025 10:00,0.3513,0.2131,0.1276,0.0449,0.183,0.0801,joy,8722
r_1235,worldnews,Ukraine war enters third year with no end in sight,2972,42,25-02-2025 01:00,0.0818,0.2657,0.1751,0.2023,0.1289,0.1462,fear,3014
r_1236,technology,Reddit API changes killed third party apps,10544,554,18-05-2025 19:00,0.3175,0.1316,0.1731,0.106,0.1963,0.0755,joy,11098
r_1237,worldnews,WHO declares new health emergency in Southeast Asia,16241,1170,17-01-2025 09:00,0.0396,0.2167,0.2916,0.2676,0.0836,0.101,anger,17411
r_1238,mentalhealth,Sleep deprivation and mental health — the link nobody told me,951,321,14-02-2025 03:00,0.145,0.1861,0.1027,0.4365,0.0463,0.0835,sadness,1272
r_1239,technology,Microsoft Copilot replaced my entire dev workflow,4297,175,06-04-2025 04:00,0.3047,0.0952,0.1624,0.0788,0.2359,0.1231,joy,4472
r_1240,personalfinance,Is it too late to start investing at 35?,28450,1337,11-05-2025 11:00,0.2581,0.3098,0.0812,0.2062,0.1003,0.0445,fear,29787
r_1241,technology,EU fines Apple $2B for App Store violations,1939,238,11-05-2025 00:00,0.3623,0.1024,0.0949,0.0978,0.2525,0.0901,joy,2177
r_1242,technology,The real cost of AI training on environment,629,571,18-04-2025 07:00,0.3926,0.1237,0.1419,0.0734,0.1496,0.1189,joy,1200
r_1243,personalfinance,Should I buy a house or keep renting?,1845,425,12-01-2025 12:00,0.2133,0.3476,0.1163,0.1057,0.1255,0.0916,fear,2270
r_1244,technology,Neuralink patient plays chess with his mind,3337,303,25-05-2025 09:00,0.3358,0.1337,0.1937,0.0707,0.2227,0.0434,joy,3640
r_1245,worldnews,Historic peace deal signed between rival nations,7344,347,01-03-2025 17:00,0.0475,0.2973,0.2461,0.1945,0.1149,0.0996,fear,7691
r_1246,personalfinance,Medical bills wiped out my savings. What now?,22778,724,02-03-2025 13:00,0.2385,0.3145,0.1463,0.0752,0.1243,0.1012,fear,23502
r_1247,mentalhealth,Anxiety is ruining my career and I don't know what to do,6817,722,06-04-2025 14:00,0.1726,0.2013,0.1251,0.318,0.0644,0.1185,sadness,7539
r_1248,technology,Why your next phone won't have a charger port,2191,247,16-03-2025 08:00,0.2946,0.117,0.2058,0.0531,0.2433,0.0863,joy,2438
r_1249,personalfinance,FIRE movement — is it realistic for normal people?,8696,332,09-02-2025 03:00,0.2569,0.3108,0.1438,0.1355,0.1054,0.0476,fear,9028
r_1250,worldnews,Historic peace deal signed between rival nations,8300,313,19-03-2025 22:00,0.0643,0.2673,0.2223,0.2615,0.0873,0.0973,fear,8613
r_1251,technology,"Google lays off 12,000 more engineers",11144,311,08-03-2025 05:00,0.4085,0.1448,0.0994,0.0654,0.1934,0.0886,joy,11455
r_1252,technology,Tesla autopilot causes another accident,2039,17,16-01-2025 07:00,0.3848,0.1726,0.1491,0.0486,0.1392,0.1057,joy,2056
r_1253,worldnews,Oil prices hit record high amid Middle East tensions,3574,55,24-04-2025 04:00,0.0861,0.2555,0.2325,0.2139,0.1218,0.0903,fear,3629
r_1254,technology,Neuralink patient plays chess with his mind,7146,746,12-04-2025 15:00,0.3621,0.2019,0.0913,0.1113,0.1235,0.1099,joy,7892
r_1255,technology,Tesla autopilot causes another accident,617,633,08-06-2025 19:00,0.3911,0.1205,0.1184,0.0615,0.1845,0.1239,joy,1250
r_1256,worldnews,North Korea launches missiles toward Japan,8904,1503,20-05-2025 00:00,0.0614,0.3112,0.2608,0.1639,0.1096,0.0931,fear,10407
r_1257,mentalhealth,Setting boundaries with toxic family members,4480,189,07-01-2025 10:00,0.1212,0.2285,0.1677,0.3367,0.0823,0.0634,sadness,4669
r_1258,worldnews,UN warns of global food crisis by 2026,7340,396,10-03-2025 17:00,0.085,0.3013,0.1308,0.2426,0.1093,0.131,fear,7736
r_1259,technology,Reddit API changes killed third party apps,2896,185,02-03-2025 18:00,0.3685,0.1062,0.1675,0.0958,0.1631,0.0989,joy,3081
r_1260,personalfinance,How to negotiate a salary increase that actually works,2378,581,18-02-2025 15:00,0.2421,0.2357,0.1295,0.1958,0.11,0.0869,joy,2959
r_1261,personalfinance,My emergency fund saved me this month,10111,211,03-02-2025 10:00,0.2638,0.2367,0.1311,0.1529,0.1623,0.0532,joy,10322
r_1262,worldnews,World leaders meet to discuss AI regulation,4967,1396,06-04-2025 22:00,0.0918,0.3645,0.1515,0.1618,0.145,0.0855,fear,6363
r_1263,mentalhealth,I had a panic attack at work today,8032,669,23-03-2025 05:00,0.0587,0.2347,0.1086,0.351,0.1306,0.1164,sadness,8701
r_1264,personalfinance,Should I buy a house or keep renting?,217,1571,26-05-2025 01:00,0.2232,0.3182,0.1087,0.1945,0.102,0.0534,fear,1788
r_1265,worldnews,Global inflation still rising despite rate hikes,10280,1645,23-03-2025 05:00,0.0526,0.323,0.2269,0.2109,0.0744,0.1122,fear,11925
r_1266,technology,The real cost of AI training on environment,1160,363,07-03-2025 03:00,0.3464,0.1786,0.1827,0.0742,0.1592,0.0588,joy,1523
r_1267,technology,GPT-5 just dropped and it's insane,8996,389,26-01-2025 15:00,0.2806,0.1834,0.1826,0.103,0.185,0.0654,joy,9385
r_1268,worldnews,"Major earthquake hits coastal region, thousands displaced",15186,360,20-01-2025 17:00,0.0754,0.396,0.1651,0.1616,0.1103,0.0917,fear,15546
r_1269,technology,OpenAI CEO says AGI is 2 years away,7163,165,14-01-2025 03:00,0.3292,0.1751,0.1355,0.0417,0.2661,0.0523,joy,7328
r_1270,personalfinance,Should I buy a house or keep renting?,4922,248,25-01-2025 01:00,0.254,0.2227,0.1145,0.21,0.1134,0.0855,joy,5170
r_1271,mentalhealth,I had a panic attack at work today,10291,619,03-05-2025 06:00,0.1225,0.2759,0.1001,0.3247,0.0544,0.1225,sadness,10910
r_1272,technology,GPT-5 just dropped and it's insane,7765,505,09-03-2025 02:00,0.2811,0.1874,0.203,0.0802,0.1425,0.1058,joy,8270
r_1273,mentalhealth,Does anyone else feel completely numb all the time?,4450,582,16-01-2025 04:00,0.1015,0.2653,0.1229,0.3468,0.0902,0.0733,sadness,5032
r_1274,technology,Apple removes headphone jack again,6392,540,18-04-2025 17:00,0.3512,0.2119,0.1313,0.1018,0.1584,0.0454,joy,6932
r_1275,mentalhealth,I had a panic attack at work today,8517,590,08-06-2025 04:00,0.1314,0.2129,0.0807,0.4152,0.0876,0.0723,sadness,9107
r_1276,technology,Reddit API changes killed third party apps,1333,704,22-04-2025 06:00,0.3484,0.2591,0.1118,0.0636,0.1685,0.0485,joy,2037
r_1277,worldnews,Nuclear power making a comeback worldwide,15717,578,04-01-2025 22:00,0.0716,0.2485,0.2497,0.2364,0.0739,0.12,anger,16295
r_1278,mentalhealth,How therapy changed my life after 10 years of avoiding it,9269,108,15-03-2025 17:00,0.0827,0.1693,0.1388,0.3979,0.1062,0.1051,sadness,9377
r_1279,personalfinance,FIRE movement — is it realistic for normal people?,5795,1521,10-01-2025 12:00,0.2151,0.274,0.1376,0.2054,0.0961,0.0718,fear,7316
r_1280,personalfinance,Is it too late to start investing at 35?,10432,724,26-01-2025 07:00,0.1532,0.2997,0.149,0.2167,0.0791,0.1022,fear,11156
r_1281,worldnews,WHO declares new health emergency in Southeast Asia,6293,1131,05-05-2025 16:00,0.0934,0.2603,0.2576,0.1609,0.103,0.1247,fear,7424
r_1282,personalfinance,Side hustle made me more than my day job this year,15800,1194,21-02-2025 01:00,0.1371,0.3383,0.0906,0.2057,0.1193,0.1089,fear,16994
r_1283,worldnews,UN warns of global food crisis by 2026,25953,271,06-05-2025 19:00,0.0578,0.3199,0.2272,0.1539,0.135,0.1062,fear,26224
r_1284,mentalhealth,Does anyone else feel completely numb all the time?,11336,97,14-03-2025 00:00,0.1473,0.2239,0.1387,0.331,0.1015,0.0576,sadness,11433
r_1285,mentalhealth,Anxiety is ruining my career and I don't know what to do,4458,672,15-04-2025 16:00,0.052,0.2198,0.1711,0.3945,0.0802,0.0823,sadness,5130
r_1286,technology,The real cost of AI training on environment,188,234,06-03-2025 19:00,0.3399,0.189,0.0755,0.1052,0.2083,0.0821,joy,422
r_1287,personalfinance,Is it too late to start investing at 35?,19064,777,12-04-2025 18:00,0.2788,0.2928,0.1156,0.1423,0.1095,0.061,fear,19841
r_1288,technology,GPT-5 just dropped and it's insane,4940,705,28-01-2025 15:00,0.3004,0.1736,0.1691,0.0653,0.2087,0.0828,joy,5645
r_1289,technology,OpenAI CEO says AGI is 2 years away,4945,197,08-02-2025 16:00,0.3403,0.156,0.1567,0.052,0.1998,0.0952,joy,5142
r_1290,worldnews,World leaders meet to discuss AI regulation,1072,1424,18-04-2025 12:00,0.0366,0.3379,0.2644,0.1845,0.0972,0.0795,fear,2496
r_1291,mentalhealth,Sleep deprivation and mental health — the link nobody told me,8809,658,02-05-2025 21:00,0.0471,0.2907,0.1581,0.3383,0.1044,0.0615,sadness,9467
r_1292,personalfinance,Roth IRA vs Traditional — breaking it down simply,11181,1818,16-02-2025 21:00,0.1988,0.2295,0.1569,0.2003,0.1225,0.0919,fear,12999
r_1293,personalfinance,Medical bills wiped out my savings. What now?,9044,1507,01-05-2025 01:00,0.1592,0.2739,0.1654,0.1531,0.1696,0.0788,fear,10551
r_1294,technology,EU fines Apple $2B for App Store violations,2520,145,21-02-2025 10:00,0.3789,0.1586,0.1824,0.0699,0.1662,0.0439,joy,2665
r_1295,mentalhealth,I had a panic attack at work today,5499,651,15-02-2025 10:00,0.1319,0.2849,0.0871,0.4056,0.0488,0.0417,sadness,6150
r_1296,technology,GPT-5 just dropped and it's insane,1492,137,07-06-2025 13:00,0.3348,0.1217,0.1853,0.0923,0.1558,0.1102,joy,1629
r_1297,mentalhealth,How I manage ADHD without medication,5329,780,16-05-2025 06:00,0.0906,0.2341,0.0798,0.3831,0.0975,0.1149,sadness,6109
r_1298,technology,Deepfakes are now indistinguishable from real video,8296,607,20-03-2025 05:00,0.2755,0.226,0.1227,0.1261,0.1945,0.0552,joy,8903
r_1299,technology,The real cost of AI training on environment,11302,142,29-03-2025 15:00,0.2539,0.238,0.1383,0.0838,0.2093,0.0767,joy,11444
r_1300,personalfinance,How to negotiate a salary increase that actually works,5572,511,13-02-2025 03:00,0.151,0.3517,0.1543,0.1454,0.0988,0.0987,fear,6083
r_1301,personalfinance,Is it too late to start investing at 35?,835,682,28-01-2025 20:00,0.2702,0.202,0.181,0.1458,0.1481,0.0529,joy,1517
r_1302,technology,GPT-5 just dropped and it's insane,11440,707,03-01-2025 09:00,0.367,0.1537,0.1316,0.0878,0.2052,0.0547,joy,12147
r_1303,mentalhealth,Grief after losing a parent — how do you cope?,8431,741,08-06-2025 03:00,0.0494,0.2304,0.1466,0.398,0.0696,0.106,sadness,9172
r_1304,personalfinance,Is a 401k still worth it in 2025?,13068,1458,21-05-2025 15:00,0.2227,0.2354,0.1167,0.1854,0.1329,0.1069,fear,14526
r_1305,worldnews,Amazon deforestation reaches all-time high,21462,1001,11-05-2025 02:00,0.0941,0.2514,0.1318,0.2196,0.1551,0.148,fear,22463
r_1306,technology,Neuralink patient plays chess with his mind,2912,45,16-03-2025 11:00,0.3113,0.1296,0.2201,0.0706,0.2153,0.0532,joy,2957
r_1307,personalfinance,How I saved $50k on a $45k salary,2843,341,02-04-2025 14:00,0.2687,0.2019,0.1587,0.0985,0.1671,0.105,joy,3184
r_1308,personalfinance,FIRE movement — is it realistic for normal people?,6369,711,03-05-2025 13:00,0.274,0.2708,0.124,0.1134,0.1294,0.0884,joy,7080
r_1309,worldnews,Climate summit ends with no binding agreement,19723,1189,08-04-2025 11:00,0.037,0.2814,0.2603,0.2155,0.0675,0.1383,fear,20912
r_1310,technology,The real cost of AI training on environment,6788,456,12-01-2025 02:00,0.3101,0.19,0.1746,0.0448,0.2371,0.0435,joy,7244
r_1311,personalfinance,Medical bills wiped out my savings. What now?,25565,836,08-06-2025 03:00,0.167,0.2951,0.1317,0.1989,0.1237,0.0836,fear,26401
r_1312,mentalhealth,Grief after losing a parent — how do you cope?,10091,60,03-01-2025 20:00,0.1167,0.2175,0.1464,0.3745,0.0476,0.0973,sadness,10151
r_1313,worldnews,"Floods devastate Europe, millions evacuated",10628,127,07-04-2025 12:00,0.0848,0.3226,0.2625,0.1352,0.1093,0.0856,fear,10755
r_1314,worldnews,Climate summit ends with no binding agreement,20112,1514,16-04-2025 01:00,0.0613,0.3198,0.1994,0.2373,0.1068,0.0753,fear,21626
r_1315,technology,The real cost of AI training on environment,11051,472,29-03-2025 11:00,0.2804,0.1946,0.17,0.0709,0.2218,0.0623,joy,11523
r_1316,technology,The real cost of AI training on environment,11779,468,30-01-2025 03:00,0.2891,0.1602,0.1544,0.094,0.2053,0.0971,joy,12247
r_1317,worldnews,UN warns of global food crisis by 2026,1833,428,15-04-2025 03:00,0.0502,0.303,0.2634,0.1543,0.1065,0.1226,fear,2261
r_1318,personalfinance,I finally understand compound interest and I'm terrified,14284,222,31-05-2025 03:00,0.1893,0.2304,0.1854,0.1432,0.1826,0.0691,fear,14506
r_1319,mentalhealth,The loneliness epidemic is real and nobody talks about it,7141,604,04-05-2025 16:00,0.1151,0.3026,0.093,0.3672,0.0797,0.0424,sadness,7745
r_1320,worldnews,Amazon deforestation reaches all-time high,18434,925,05-03-2025 08:00,0.0708,0.317,0.1524,0.1822,0.1248,0.1526,fear,19359
r_1321,mentalhealth,Social media is making my anxiety 10x worse,4947,723,21-05-2025 10:00,0.15,0.2228,0.092,0.3475,0.092,0.0957,sadness,5670
r_1322,worldnews,Oil prices hit record high amid Middle East tensions,6940,1219,30-01-2025 11:00,0.0435,0.2933,0.2277,0.2355,0.0735,0.1266,fear,8159
r_1323,mentalhealth,I had a panic attack at work today,6970,18,14-05-2025 03:00,0.0982,0.2414,0.1177,0.3887,0.0971,0.0569,sadness,6988
r_1324,technology,Tesla autopilot causes another accident,4155,154,16-01-2025 22:00,0.305,0.2169,0.1205,0.1159,0.1689,0.0729,joy,4309
r_1325,personalfinance,Should I buy a house or keep renting?,3725,765,24-05-2025 12:00,0.2682,0.1855,0.1618,0.1074,0.1666,0.1105,joy,4490
r_1326,worldnews,"Floods devastate Europe, millions evacuated",31184,629,06-03-2025 06:00,0.0788,0.3066,0.1668,0.2042,0.1466,0.097,fear,31813
r_1327,mentalhealth,I quit drinking and my mental health transformed,3268,799,19-02-2025 09:00,0.0649,0.253,0.1598,0.3422,0.0843,0.0959,sadness,4067
r_1328,mentalhealth,Does anyone else feel completely numb all the time?,4622,574,09-03-2025 04:00,0.1512,0.1645,0.187,0.4085,0.0474,0.0414,sadness,5196
r_1329,worldnews,Global inflation still rising despite rate hikes,9829,57,10-06-2025 19:00,0.0906,0.2029,0.2131,0.2609,0.0714,0.1611,sadness,9886
r_1330,personalfinance,Credit card debt is destroying my life,22187,148,20-05-2025 17:00,0.2383,0.2611,0.083,0.1869,0.118,0.1127,fear,22335
r_1331,mentalhealth,How therapy changed my life after 10 years of avoiding it,10179,548,02-05-2025 17:00,0.0767,0.282,0.1494,0.324,0.0594,0.1086,sadness,10727
r_1332,technology,Apple removes headphone jack again,11232,333,08-04-2025 03:00,0.3121,0.1361,0.1695,0.0801,0.1973,0.105,joy,11565
r_1333,mentalhealth,Burnout is real — took 3 months off and here's what happened,7350,503,12-01-2025 09:00,0.0938,0.1836,0.1694,0.3975,0.0626,0.0932,sadness,7853
r_1334,worldnews,China economy contracts for first time in 30 years,2771,537,19-04-2025 03:00,0.0653,0.3457,0.1557,0.2519,0.1163,0.0651,fear,3308
r_1335,worldnews,"Floods devastate Europe, millions evacuated",20590,389,10-01-2025 02:00,0.0801,0.3134,0.2324,0.1731,0.1342,0.0668,fear,20979
r_1336,technology,GPT-5 just dropped and it's insane,7441,650,14-04-2025 13:00,0.2914,0.1306,0.096,0.1148,0.2884,0.0788,joy,8091
r_1337,personalfinance,I paid off $80k in debt in 3 years — here's how,795,722,19-01-2025 11:00,0.2206,0.2222,0.0974,0.2363,0.1029,0.1206,sadness,1517
r_1338,technology,Meta's new AR glasses hands-on review,10875,36,02-05-2025 05:00,0.3862,0.1353,0.0954,0.1068,0.2006,0.0756,joy,10911
r_1339,worldnews,"Major earthquake hits coastal region, thousands displaced",26075,1713,22-05-2025 17:00,0.0763,0.3053,0.2522,0.1584,0.1193,0.0885,fear,27788
r_1340,worldnews,Climate summit ends with no binding agreement,24026,904,12-05-2025 04:00,0.0401,0.3284,0.2212,0.2293,0.0836,0.0974,fear,24930
r_1341,worldnews,"Major earthquake hits coastal region, thousands displaced",22104,930,18-01-2025 08:00,0.0476,0.3361,0.1643,0.1561,0.1453,0.1505,fear,23034
r_1342,technology,"Google lays off 12,000 more engineers",10200,76,19-02-2025 10:00,0.3721,0.1651,0.1251,0.0525,0.235,0.0502,joy,10276
r_1343,mentalhealth,The loneliness epidemic is real and nobody talks about it,7067,177,02-01-2025 10:00,0.0787,0.2633,0.1618,0.3078,0.0846,0.1037,sadness,7244
r_1344,worldnews,Refugee crisis worsens as borders close,17767,1167,05-05-2025 17:00,0.0461,0.31,0.1976,0.2353,0.0768,0.1342,fear,18934
r_1345,technology,Why I switched from Mac to Linux and never looked back,10316,83,20-01-2025 00:00,0.3523,0.0956,0.1166,0.1089,0.2695,0.0572,joy,10399
r_1346,technology,The real cost of AI training on environment,8892,488,08-02-2025 11:00,0.3225,0.1402,0.146,0.1089,0.2016,0.0808,joy,9380
r_1347,mentalhealth,I finally told my boss about my depression,6011,519,03-01-2025 21:00,0.1443,0.2498,0.1796,0.3013,0.0787,0.0464,sadness,6530
r_1348,worldnews,Nuclear power making a comeback worldwide,22943,1505,04-05-2025 11:00,0.0882,0.3287,0.2236,0.2118,0.073,0.0747,fear,24448
r_1349,technology,"Google lays off 12,000 more engineers",5968,402,01-05-2025 14:00,0.3778,0.1222,0.1166,0.0613,0.237,0.085,joy,6370
r_1350,technology,GPT-5 just dropped and it's insane,4364,597,20-05-2025 18:00,0.3499,0.1162,0.145,0.072,0.2228,0.0941,joy,4961
r_1351,worldnews,Ukraine war enters third year with no end in sight,8163,1317,30-03-2025 15:00,0.0734,0.2491,0.2313,0.2337,0.113,0.0996,fear,9480
r_1352,mentalhealth,Meditation didn't work for me — what actually helped,3515,158,17-02-2025 05:00,0.125,0.2669,0.1074,0.3478,0.0513,0.1016,sadness,3673
r_1353,personalfinance,I finally understand compound interest and I'm terrified,7894,495,23-02-2025 18:00,0.249,0.1948,0.1044,0.2225,0.146,0.0833,joy,8389
r_1354,worldnews,North Korea launches missiles toward Japan,692,591,07-02-2025 01:00,0.1039,0.2382,0.1643,0.2453,0.0968,0.1515,sadness,1283
r_1355,worldnews,WHO declares new health emergency in Southeast Asia,31395,1748,25-02-2025 14:00,0.084,0.2533,0.1779,0.2325,0.1155,0.1368,fear,33143
r_1356,mentalhealth,I quit drinking and my mental health transformed,10260,680,11-05-2025 08:00,0.1064,0.2124,0.1407,0.3358,0.0943,0.1104,sadness,10940
r_1357,worldnews,Amazon deforestation reaches all-time high,745,537,18-04-2025 04:00,0.0796,0.3564,0.2345,0.1436,0.1053,0.0805,fear,1282
r_1358,technology,Why I switched from Mac to Linux and never looked back,7951,680,03-02-2025 19:00,0.3393,0.1914,0.0909,0.1102,0.2152,0.053,joy,8631
r_1359,technology,Neuralink patient plays chess with his mind,7078,239,04-05-2025 12:00,0.3422,0.1654,0.1156,0.0646,0.2281,0.0841,joy,7317
r_1360,personalfinance,I finally understand compound interest and I'm terrified,8039,226,15-04-2025 08:00,0.2295,0.3151,0.1356,0.1589,0.1052,0.0557,fear,8265
r_1361,worldnews,UN warns of global food crisis by 2026,24999,647,20-04-2025 20:00,0.0814,0.3348,0.2319,0.1505,0.068,0.1334,fear,25646
r_1362,personalfinance,Index funds vs ETFs — what I wish I knew earlier,6820,570,23-05-2025 15:00,0.2648,0.2524,0.1127,0.128,0.1387,0.1035,joy,7390
r_1363,worldnews,China economy contracts for first time in 30 years,3143,1045,11-02-2025 03:00,0.0636,0.2528,0.2685,0.1895,0.1298,0.0959,anger,4188
r_1364,worldnews,"Floods devastate Europe, millions evacuated",27262,24,01-05-2025 19:00,0.0608,0.2595,0.2279,0.229,0.139,0.0838,fear,27286
r_1365,mentalhealth,How therapy changed my life after 10 years of avoiding it,10109,676,14-05-2025 09:00,0.0589,0.2414,0.1106,0.3551,0.0874,0.1466,sadness,10785
r_1366,technology,Reddit API changes killed third party apps,4735,204,09-01-2025 19:00,0.3463,0.1702,0.1238,0.0524,0.21,0.0973,joy,4939
r_1367,worldnews,Global inflation still rising despite rate hikes,16284,799,21-02-2025 16:00,0.0554,0.2556,0.2149,0.1655,0.1022,0.2064,fear,17083
r_1368,technology,Microsoft Copilot replaced my entire dev workflow,5743,288,27-02-2025 19:00,0.3149,0.2028,0.1303,0.0876,0.1871,0.0774,joy,6031
r_1369,worldnews,Historic peace deal signed between rival nations,13380,869,07-03-2025 17:00,0.1051,0.3262,0.195,0.2069,0.0853,0.0815,fear,14249
r_1370,personalfinance,Is it too late to start investing at 35?,30246,1191,04-05-2025 03:00,0.2186,0.2696,0.1359,0.1362,0.1228,0.1169,fear,31437
r_1371,personalfinance,Is a 401k still worth it in 2025?,13628,1274,09-03-2025 07:00,0.1802,0.3159,0.0971,0.1911,0.1432,0.0726,fear,14902
r_1372,personalfinance,Is a 401k still worth it in 2025?,7510,1517,18-02-2025 15:00,0.1979,0.3334,0.1156,0.1816,0.1015,0.0701,fear,9027
r_1373,worldnews,Oil prices hit record high amid Middle East tensions,5001,222,07-05-2025 19:00,0.0844,0.3539,0.1719,0.1643,0.0939,0.1317,fear,5223
r_1374,technology,Reddit API changes killed third party apps,9462,286,06-05-2025 05:00,0.3296,0.2039,0.1589,0.0609,0.149,0.0978,joy,9748
r_1375,personalfinance,How I saved $50k on a $45k salary,18168,856,14-02-2025 14:00,0.1682,0.2978,0.0912,0.2248,0.1279,0.0901,fear,19024
r_1376,technology,Microsoft Copilot replaced my entire dev workflow,5974,632,08-03-2025 05:00,0.3767,0.1523,0.0945,0.1096,0.2108,0.0561,joy,6606
r_1377,personalfinance,Should I buy a house or keep renting?,16321,792,16-02-2025 18:00,0.1775,0.3827,0.1169,0.1191,0.1239,0.08,fear,17113
r_1378,worldnews,Global inflation still rising despite rate hikes,8481,372,02-05-2025 00:00,0.0668,0.2837,0.2142,0.2033,0.1033,0.1287,fear,8853
r_1379,worldnews,Ukraine war enters third year with no end in sight,11728,599,12-04-2025 03:00,0.0558,0.3066,0.2303,0.1695,0.1162,0.1216,fear,12327
r_1380,worldnews,UN warns of global food crisis by 2026,9398,1090,30-03-2025 00:00,0.0506,0.257,0.2896,0.155,0.1496,0.0982,anger,10488
r_1381,mentalhealth,How therapy changed my life after 10 years of avoiding it,4713,368,25-03-2025 21:00,0.0765,0.2502,0.1422,0.3681,0.0857,0.0774,sadness,5081
r_1382,mentalhealth,Setting boundaries with toxic family members,2795,660,28-03-2025 13:00,0.1239,0.2919,0.1214,0.3256,0.0874,0.0498,sadness,3455
r_1383,mentalhealth,I quit drinking and my mental health transformed,9968,665,12-04-2025 08:00,0.1527,0.1772,0.1244,0.3517,0.0947,0.0994,sadness,10633
r_1384,mentalhealth,Setting boundaries with toxic family members,428,133,02-03-2025 21:00,0.129,0.196,0.1352,0.4251,0.0657,0.0492,sadness,561
r_1385,personalfinance,Is it too late to start investing at 35?,9035,60,07-01-2025 12:00,0.2926,0.2219,0.1177,0.1216,0.1073,0.139,joy,9095
r_1386,technology,Apple removes headphone jack again,4705,458,10-06-2025 04:00,0.3184,0.1184,0.1791,0.1252,0.1914,0.0675,joy,5163
r_1387,worldnews,"Floods devastate Europe, millions evacuated",8906,283,21-05-2025 14:00,0.0893,0.2049,0.2441,0.2482,0.0992,0.1143,sadness,9189
r_1388,worldnews,Amazon deforestation reaches all-time high,24579,1671,04-05-2025 17:00,0.0645,0.2777,0.1948,0.2169,0.1436,0.1025,fear,26250
r_1389,worldnews,Refugee crisis worsens as borders close,4764,812,06-05-2025 15:00,0.0472,0.3015,0.2424,0.1849,0.0813,0.1428,fear,5576
r_1390,personalfinance,I paid off $80k in debt in 3 years — here's how,20266,910,10-04-2025 12:00,0.2253,0.2969,0.1187,0.1928,0.1151,0.0512,fear,21176
r_1391,worldnews,WHO declares new health emergency in Southeast Asia,11027,672,10-03-2025 13:00,0.0362,0.2853,0.2058,0.2251,0.12,0.1276,fear,11699
r_1392,worldnews,Nuclear power making a comeback worldwide,17198,395,17-05-2025 00:00,0.0443,0.2605,0.1774,0.2269,0.1309,0.1599,fear,17593
r_1393,worldnews,Climate summit ends with no binding agreement,8010,869,08-05-2025 11:00,0.0688,0.2915,0.2724,0.1774,0.0999,0.0899,fear,8879
r_1394,mentalhealth,Sleep deprivation and mental health — the link nobody told me,1219,561,01-05-2025 05:00,0.1178,0.1857,0.1582,0.4104,0.0388,0.0891,sadness,1780
r_1395,worldnews,World leaders meet to discuss AI regulation,18542,496,28-04-2025 23:00,0.0827,0.3108,0.2509,0.1383,0.1326,0.0847,fear,19038
r_1396,technology,My experience building an app with Claude API,11981,48,21-05-2025 16:00,0.3378,0.1105,0.1235,0.1139,0.263,0.0514,joy,12029
r_1397,technology,Meta's new AR glasses hands-on review,3916,653,22-04-2025 10:00,0.3313,0.1336,0.1288,0.0462,0.2369,0.1232,joy,4569
r_1398,technology,Why I switched from Mac to Linux and never looked back,11367,491,02-06-2025 04:00,0.3371,0.1594,0.1171,0.0546,0.2525,0.0794,joy,11858
r_1399,personalfinance,How to negotiate a salary increase that actually works,19140,155,18-05-2025 03:00,0.155,0.2211,0.1008,0.2066,0.1783,0.1382,fear,19295
r_1400,worldnews,Historic peace deal signed between rival nations,7992,55,04-02-2025 08:00,0.0418,0.311,0.2264,0.2003,0.1259,0.0945,fear,8047
r_1401,technology,EU fines Apple $2B for App Store violations,5353,754,30-04-2025 08:00,0.3392,0.1628,0.1394,0.0761,0.2024,0.0802,joy,6107
r_1402,worldnews,Climate summit ends with no binding agreement,21128,989,08-06-2025 11:00,0.0639,0.2556,0.251,0.1911,0.1042,0.1341,fear,22117
r_1403,worldnews,China economy contracts for first time in 30 years,21922,344,24-03-2025 03:00,0.0787,0.2993,0.2157,0.1788,0.1151,0.1125,fear,22266
r_1404,technology,My experience building an app with Claude API,3189,106,09-01-2025 18:00,0.405,0.102,0.2258,0.0637,0.1466,0.0569,joy,3295
r_1405,mentalhealth,Grief after losing a parent — how do you cope?,264,218,06-05-2025 02:00,0.1035,0.2723,0.158,0.3037,0.0604,0.1021,sadness,482
r_1406,mentalhealth,Setting boundaries with toxic family members,1005,636,10-03-2025 16:00,0.0996,0.1859,0.1445,0.3912,0.0903,0.0884,sadness,1641
r_1407,technology,Microsoft Copilot replaced my entire dev workflow,8760,399,18-02-2025 06:00,0.272,0.1393,0.2093,0.1265,0.1467,0.1061,joy,9159
r_1408,worldnews,Global inflation still rising despite rate hikes,9044,1250,27-01-2025 05:00,0.0782,0.2395,0.2691,0.1967,0.0805,0.136,anger,10294
r_1409,worldnews,"Floods devastate Europe, millions evacuated",5213,568,25-03-2025 11:00,0.0629,0.2682,0.1672,0.2789,0.1162,0.1067,sadness,5781
r_1410,mentalhealth,Setting boundaries with toxic family members,9065,767,07-03-2025 11:00,0.115,0.2896,0.1178,0.3253,0.0829,0.0694,sadness,9832
r_1411,mentalhealth,The loneliness epidemic is real and nobody talks about it,4995,11,18-03-2025 07:00,0.1873,0.1932,0.1016,0.4067,0.0499,0.0613,sadness,5006
r_1412,worldnews,Nuclear power making a comeback worldwide,18372,1136,02-04-2025 04:00,0.0455,0.2755,0.2436,0.2037,0.1329,0.0988,fear,19508
r_1413,worldnews,WHO declares new health emergency in Southeast Asia,6780,1608,04-05-2025 05:00,0.0608,0.3123,0.181,0.2539,0.0798,0.1121,fear,8388
r_1414,mentalhealth,I quit drinking and my mental health transformed,9491,395,21-01-2025 01:00,0.1433,0.264,0.1728,0.2898,0.0885,0.0417,sadness,9886
r_1415,personalfinance,Lost my job — what do I do with my finances?,9918,16,08-04-2025 01:00,0.26,0.2462,0.154,0.099,0.1412,0.0995,joy,9934
r_1416,personalfinance,Roth IRA vs Traditional — breaking it down simply,16557,1061,24-01-2025 07:00,0.1605,0.3398,0.1166,0.2034,0.1238,0.0558,fear,17618
r_1417,mentalhealth,Burnout is real — took 3 months off and here's what happened,4351,92,13-04-2025 16:00,0.1348,0.1842,0.1207,0.3763,0.0999,0.0841,sadness,4443
r_1418,mentalhealth,Setting boundaries with toxic family members,9244,635,15-05-2025 07:00,0.1213,0.2763,0.135,0.3133,0.0702,0.084,sadness,9879
r_1419,worldnews,Climate summit ends with no binding agreement,12010,772,07-01-2025 09:00,0.0529,0.2812,0.2561,0.2175,0.0806,0.1118,fear,12782
r_1420,worldnews,China economy contracts for first time in 30 years,7219,1715,22-01-2025 03:00,0.073,0.3583,0.2032,0.1499,0.0698,0.1457,fear,8934
r_1421,technology,"Google lays off 12,000 more engineers",1873,317,26-04-2025 15:00,0.3475,0.2024,0.1634,0.0937,0.1084,0.0847,joy,2190
r_1422,technology,OpenAI CEO says AGI is 2 years away,2365,716,05-01-2025 12:00,0.3158,0.1918,0.1206,0.0945,0.1864,0.0908,joy,3081
r_1423,technology,Meta's new AR glasses hands-on review,186,73,10-04-2025 21:00,0.3045,0.1429,0.199,0.1019,0.1464,0.1053,joy,259
r_1424,personalfinance,Medical bills wiped out my savings. What now?,8857,944,22-03-2025 15:00,0.2508,0.2858,0.1459,0.0813,0.1462,0.09,fear,9801
r_1425,technology,Why I switched from Mac to Linux and never looked back,5045,346,06-05-2025 12:00,0.2743,0.2368,0.1486,0.0979,0.1275,0.1148,joy,5391
r_1426,worldnews,UN warns of global food crisis by 2026,2191,1400,08-01-2025 17:00,0.0565,0.259,0.2378,0.165,0.1647,0.1169,fear,3591
r_1427,personalfinance,Should I buy a house or keep renting?,25074,1413,27-05-2025 04:00,0.1539,0.362,0.1414,0.1003,0.1179,0.1246,fear,26487
r_1428,mentalhealth,Burnout is real — took 3 months off and here's what happened,3364,146,21-03-2025 22:00,0.155,0.2209,0.1507,0.3338,0.0531,0.0865,sadness,3510
r_1429,worldnews,Ukraine war enters third year with no end in sight,25234,1090,23-03-2025 04:00,0.0879,0.3197,0.1389,0.2272,0.1396,0.0868,fear,26324
r_1430,technology,Reddit API changes killed third party apps,10484,761,12-03-2025 04:00,0.2572,0.2083,0.1727,0.0568,0.2115,0.0935,joy,11245
r_1431,worldnews,Climate summit ends with no binding agreement,13899,342,21-01-2025 22:00,0.0415,0.2014,0.2933,0.2124,0.1254,0.126,anger,14241
r_1432,mentalhealth,Does anyone else feel completely numb all the time?,2303,172,19-02-2025 07:00,0.0942,0.2411,0.1554,0.3332,0.1016,0.0745,sadness,2475
r_1433,technology,Tesla autopilot causes another accident,3401,72,15-02-2025 14:00,0.3667,0.0834,0.1137,0.0739,0.2417,0.1205,joy,3473
r_1434,mentalhealth,Sleep deprivation and mental health — the link nobody told me,6282,742,22-03-2025 12:00,0.0854,0.2521,0.1185,0.3903,0.0469,0.1068,sadness,7024
r_1435,technology,My experience building an app with Claude API,693,576,10-04-2025 16:00,0.2715,0.1614,0.1954,0.1162,0.168,0.0875,joy,1269
r_1436,technology,"Google lays off 12,000 more engineers",10095,60,13-05-2025 04:00,0.3113,0.1561,0.1266,0.1154,0.2105,0.0802,joy,10155
r_1437,mentalhealth,I quit drinking and my mental health transformed,9002,143,11-04-2025 13:00,0.1242,0.1843,0.148,0.3338,0.0918,0.1179,sadness,9145
r_1438,personalfinance,Credit card debt is destroying my life,13121,1709,11-02-2025 22:00,0.1308,0.2646,0.1601,0.2357,0.1589,0.0498,fear,14830
r_1439,technology,Apple removes headphone jack again,8433,631,10-02-2025 12:00,0.2868,0.1687,0.1372,0.091,0.2015,0.1147,joy,9064
r_1440,mentalhealth,Anxiety is ruining my career and I don't know what to do,2980,792,14-01-2025 13:00,0.114,0.2639,0.1275,0.3553,0.0449,0.0944,sadness,3772
r_1441,personalfinance,Index funds vs ETFs — what I wish I knew earlier,274,1225,08-05-2025 15:00,0.2214,0.3292,0.0964,0.1018,0.142,0.1092,fear,1499
r_1442,technology,Why your next phone won't have a charger port,9882,11,04-03-2025 17:00,0.3971,0.123,0.1569,0.0813,0.1934,0.0483,joy,9893
r_1443,personalfinance,I finally understand compound interest and I'm terrified,5997,94,18-03-2025 10:00,0.2442,0.3588,0.107,0.1213,0.0935,0.0752,fear,6091
r_1444,technology,GPT-5 just dropped and it's insane,9426,580,15-02-2025 14:00,0.2626,0.2438,0.1014,0.064,0.2303,0.0979,joy,10006
r_1445,personalfinance,FIRE movement — is it realistic for normal people?,18977,141,12-03-2025 10:00,0.1239,0.309,0.1042,0.2203,0.1434,0.0992,fear,19118
r_1446,mentalhealth,My experience with antidepressants — honest review,1486,500,04-06-2025 22:00,0.0693,0.2057,0.0925,0.4192,0.1258,0.0875,sadness,1986
r_1447,personalfinance,How I saved $50k on a $45k salary,9268,513,14-05-2025 23:00,0.2263,0.2324,0.127,0.249,0.1127,0.0524,sadness,9781
r_1448,mentalhealth,The loneliness epidemic is real and nobody talks about it,7666,645,31-01-2025 23:00,0.1384,0.3046,0.1091,0.3418,0.0561,0.05,sadness,8311
r_1449,worldnews,Refugee crisis worsens as borders close,26257,438,18-01-2025 09:00,0.0827,0.2992,0.1567,0.2001,0.1637,0.0977,fear,26695
r_1450,personalfinance,Roth IRA vs Traditional — breaking it down simply,1050,456,03-05-2025 15:00,0.221,0.333,0.0947,0.1417,0.1187,0.0909,fear,1506
r_1451,technology,Deepfakes are now indistinguishable from real video,6832,765,15-01-2025 16:00,0.2751,0.1102,0.1422,0.1148,0.2768,0.0809,surprise,7597
r_1452,personalfinance,I finally understand compound interest and I'm terrified,5843,72,08-02-2025 08:00,0.2526,0.2388,0.1315,0.1213,0.1444,0.1113,joy,5915
r_1453,technology,OpenAI CEO says AGI is 2 years away,5100,727,22-03-2025 22:00,0.3566,0.1617,0.1625,0.0769,0.1636,0.0786,joy,5827
r_1454,technology,Meta's new AR glasses hands-on review,5003,184,29-01-2025 11:00,0.3125,0.1628,0.1108,0.0777,0.2777,0.0585,joy,5187
r_1455,technology,Reddit API changes killed third party apps,5622,500,15-05-2025 09:00,0.2932,0.1021,0.1515,0.1119,0.2851,0.0563,joy,6122
r_1456,personalfinance,My emergency fund saved me this month,648,475,10-04-2025 22:00,0.2533,0.1872,0.1652,0.1694,0.1661,0.0588,joy,1123
r_1457,technology,GPT-5 just dropped and it's insane,1739,538,21-03-2025 00:00,0.3041,0.0914,0.1908,0.1152,0.1819,0.1166,joy,2277
r_1458,personalfinance,Medical bills wiped out my savings. What now?,1977,284,08-02-2025 05:00,0.2961,0.2526,0.1075,0.14,0.1189,0.0848,joy,2261
r_1459,personalfinance,Is a 401k still worth it in 2025?,6168,1671,13-02-2025 02:00,0.1503,0.3493,0.1487,0.1388,0.1326,0.0804,fear,7839
r_1460,personalfinance,I finally understand compound interest and I'm terrified,11946,130,02-06-2025 18:00,0.2933,0.2993,0.0938,0.0945,0.17,0.0492,fear,12076
r_1461,mentalhealth,I had a panic attack at work today,7679,586,03-02-2025 02:00,0.0842,0.217,0.1056,0.4394,0.1066,0.0471,sadness,8265
r_1462,mentalhealth,How therapy changed my life after 10 years of avoiding it,10157,269,04-04-2025 12:00,0.0929,0.2645,0.1622,0.3661,0.0574,0.0568,sadness,10426
r_1463,worldnews,Amazon deforestation reaches all-time high,2923,694,14-03-2025 11:00,0.0953,0.2572,0.2791,0.1781,0.1164,0.0738,anger,3617
r_1464,worldnews,"Floods devastate Europe, millions evacuated",19318,1044,08-06-2025 07:00,0.0366,0.3066,0.2426,0.1612,0.12,0.133,fear,20362
r_1465,worldnews,Historic peace deal signed between rival nations,9315,845,20-01-2025 23:00,0.056,0.2441,0.2557,0.2016,0.1379,0.1047,anger,10160
r_1466,mentalhealth,How therapy changed my life after 10 years of avoiding it,1190,617,28-01-2025 21:00,0.1004,0.2115,0.1325,0.4016,0.0489,0.1052,sadness,1807
r_1467,mentalhealth,Social media is making my anxiety 10x worse,10472,5,07-02-2025 21:00,0.0885,0.2366,0.081,0.395,0.0989,0.1,sadness,10477
r_1468,worldnews,Historic peace deal signed between rival nations,19768,1792,22-04-2025 22:00,0.0719,0.2772,0.2402,0.1668,0.141,0.1029,fear,21560
r_1469,personalfinance,Is a 401k still worth it in 2025?,16283,135,02-04-2025 03:00,0.208,0.2754,0.1179,0.2103,0.1446,0.0439,fear,16418
r_1470,personalfinance,Side hustle made me more than my day job this year,14440,1138,05-02-2025 06:00,0.1408,0.2774,0.1433,0.2027,0.1542,0.0816,fear,15578
r_1471,mentalhealth,I quit drinking and my mental health transformed,1225,668,05-01-2025 04:00,0.1293,0.2521,0.0844,0.4106,0.0802,0.0435,sadness,1893
r_1472,mentalhealth,Grief after losing a parent — how do you cope?,11443,623,19-04-2025 19:00,0.0872,0.3006,0.0851,0.3856,0.0692,0.0722,sadness,12066
r_1473,worldnews,Historic peace deal signed between rival nations,25192,1063,09-05-2025 08:00,0.07,0.3039,0.2169,0.1881,0.0887,0.1323,fear,26255
r_1474,mentalhealth,Meditation didn't work for me — what actually helped,7939,712,21-01-2025 04:00,0.0995,0.2062,0.1861,0.3711,0.0909,0.0462,sadness,8651
r_1475,personalfinance,Credit card debt is destroying my life,27339,191,29-05-2025 09:00,0.2159,0.2819,0.1372,0.127,0.1389,0.0991,fear,27530
r_1476,technology,Neuralink patient plays chess with his mind,6947,366,17-03-2025 09:00,0.2919,0.2024,0.1348,0.0802,0.193,0.0977,joy,7313
r_1477,worldnews,UN warns of global food crisis by 2026,22594,419,16-03-2025 23:00,0.0778,0.2927,0.1798,0.2325,0.0906,0.1266,fear,23013
r_1478,technology,Meta's new AR glasses hands-on review,4559,268,04-01-2025 23:00,0.3695,0.1167,0.1038,0.1195,0.1866,0.1039,joy,4827
r_1479,technology,Why your next phone won't have a charger port,11531,246,05-05-2025 05:00,0.2891,0.1885,0.1059,0.0817,0.269,0.0657,joy,11777
r_1480,technology,OpenAI CEO says AGI is 2 years away,6815,793,09-04-2025 07:00,0.3196,0.1888,0.1218,0.085,0.2042,0.0806,joy,7608
r_1481,mentalhealth,Sleep deprivation and mental health — the link nobody told me,1950,58,12-02-2025 14:00,0.1143,0.1901,0.165,0.3424,0.0897,0.0985,sadness,2008
r_1482,mentalhealth,The loneliness epidemic is real and nobody talks about it,7825,273,07-02-2025 16:00,0.0706,0.2589,0.1578,0.3581,0.0652,0.0894,sadness,8098
r_1483,mentalhealth,Anxiety is ruining my career and I don't know what to do,1645,549,01-04-2025 13:00,0.0725,0.2792,0.1222,0.3331,0.08,0.1131,sadness,2194
r_1484,personalfinance,Lost my job — what do I do with my finances?,9914,1844,14-05-2025 10:00,0.1686,0.3309,0.1037,0.1791,0.1207,0.0971,fear,11758
r_1485,worldnews,China economy contracts for first time in 30 years,14854,763,19-02-2025 01:00,0.0741,0.3312,0.2886,0.1432,0.0811,0.0818,fear,15617
r_1486,technology,Why your next phone won't have a charger port,11651,127,23-01-2025 19:00,0.2287,0.2067,0.1426,0.0959,0.2443,0.0818,surprise,11778
r_1487,worldnews,Ukraine war enters third year with no end in sight,9521,781,27-04-2025 08:00,0.0637,0.2894,0.1882,0.2168,0.1292,0.1126,fear,10302
r_1488,mentalhealth,Sleep deprivation and mental health — the link nobody told me,6321,402,27-03-2025 01:00,0.1468,0.2801,0.1175,0.309,0.0454,0.1011,sadness,6723
r_1489,personalfinance,Side hustle made me more than my day job this year,15766,282,25-02-2025 19:00,0.1724,0.2635,0.1268,0.2428,0.1368,0.0576,fear,16048
r_1490,technology,Neuralink patient plays chess with his mind,357,514,08-02-2025 20:00,0.345,0.1349,0.0935,0.0507,0.2625,0.1135,joy,871
r_1491,technology,Neuralink patient plays chess with his mind,11643,794,06-05-2025 15:00,0.3171,0.1836,0.1265,0.0855,0.2353,0.0519,joy,12437
r_1492,mentalhealth,How I manage ADHD without medication,7948,129,26-05-2025 17:00,0.1234,0.2488,0.1522,0.3389,0.0352,0.1016,sadness,8077
r_1493,personalfinance,Lost my job — what do I do with my finances?,14846,211,16-03-2025 20:00,0.2284,0.2393,0.1302,0.2327,0.087,0.0825,fear,15057
r_1494,worldnews,"Major earthquake hits coastal region, thousands displaced",25917,937,23-04-2025 23:00,0.0682,0.3503,0.2361,0.1679,0.1025,0.075,fear,26854
r_1495,worldnews,"Major earthquake hits coastal region, thousands displaced",16414,633,26-04-2025 00:00,0.0374,0.2136,0.3132,0.1727,0.1104,0.1527,anger,17047
r_1496,technology,OpenAI CEO says AGI is 2 years away,7559,699,18-05-2025 04:00,0.2671,0.221,0.0913,0.0531,0.2673,0.1002,surprise,8258
r_1497,worldnews,World leaders meet to discuss AI regulation,9858,1380,13-01-2025 09:00,0.0382,0.3235,0.2154,0.1362,0.1578,0.1289,fear,11238
r_1498,technology,EU fines Apple $2B for App Store violations,10136,230,17-01-2025 06:00,0.3481,0.2202,0.0903,0.1086,0.1425,0.0903,joy,10366
r_1499,mentalhealth,Social media is making my anxiety 10x worse,2300,334,24-02-2025 01:00,0.1179,0.2722,0.1386,0.296,0.1014,0.0739,sadness,2634
r_1500,worldnews,China economy contracts for first time in 30 years,5335,875,06-06-2025 12:00,0.0424,0.2775,0.2932,0.1759,0.1171,0.0939,anger,6210
r_1501,worldnews,UN warns of global food crisis by 2026,4698,431,02-05-2025 22:00,0.0958,0.2223,0.1401,0.2675,0.143,0.1313,sadness,5129
r_1502,worldnews,Oil prices hit record high amid Middle East tensions,24716,440,23-01-2025 20:00,0.0486,0.2781,0.2364,0.1874,0.0954,0.1541,fear,25156
r_1503,personalfinance,Lost my job — what do I do with my finances?,17955,1278,23-02-2025 08:00,0.1799,0.2612,0.0917,0.2288,0.1521,0.0861,fear,19233
r_1504,technology,"Google lays off 12,000 more engineers",756,60,04-04-2025 09:00,0.284,0.1143,0.1995,0.1243,0.2197,0.0581,joy,816
r_1505,worldnews,Ukraine war enters third year with no end in sight,17336,355,12-05-2025 03:00,0.0513,0.3098,0.2882,0.1982,0.0789,0.0736,fear,17691
r_1506,technology,Neuralink patient plays chess with his mind,3819,117,25-03-2025 07:00,0.2767,0.1507,0.1491,0.0733,0.2387,0.1115,joy,3936
r_1507,technology,"Google lays off 12,000 more engineers",7191,153,25-02-2025 19:00,0.3463,0.212,0.1209,0.0558,0.1889,0.0762,joy,7344
r_1508,mentalhealth,Does anyone else feel completely numb all the time?,2134,37,26-05-2025 01:00,0.0852,0.1791,0.1639,0.4003,0.1163,0.0553,sadness,2171
r_1509,personalfinance,My emergency fund saved me this month,7206,1667,28-05-2025 17:00,0.1589,0.2919,0.1308,0.2325,0.1125,0.0734,fear,8873
r_1510,worldnews,Climate summit ends with no binding agreement,639,1888,05-03-2025 10:00,0.0599,0.283,0.2732,0.16,0.1124,0.1114,fear,2527
r_1511,mentalhealth,I had a panic attack at work today,774,46,01-05-2025 23:00,0.0548,0.2535,0.1591,0.3803,0.0919,0.0603,sadness,820
r_1512,technology,Tesla autopilot causes another accident,9200,776,04-01-2025 22:00,0.3203,0.1544,0.1732,0.1042,0.1896,0.0584,joy,9976
r_1513,mentalhealth,I finally told my boss about my depression,11572,475,27-05-2025 23:00,0.0649,0.2406,0.183,0.3459,0.0909,0.0747,sadness,12047
r_1514,technology,EU fines Apple $2B for App Store violations,11582,653,01-01-2025 20:00,0.3189,0.1037,0.1669,0.0556,0.2634,0.0915,joy,12235
r_1515,technology,Tesla autopilot causes another accident,8937,594,23-02-2025 21:00,0.4018,0.1398,0.0881,0.0777,0.1712,0.1214,joy,9531
r_1516,technology,Why your next phone won't have a charger port,1868,397,04-04-2025 14:00,0.3402,0.1766,0.0773,0.1033,0.2036,0.0992,joy,2265
r_1517,technology,OpenAI CEO says AGI is 2 years away,5537,249,19-05-2025 03:00,0.2909,0.1789,0.1603,0.0827,0.2374,0.0497,joy,5786
r_1518,mentalhealth,Sleep deprivation and mental health — the link nobody told me,5828,278,09-05-2025 21:00,0.1414,0.234,0.1806,0.2981,0.0922,0.0537,sadness,6106
r_1519,mentalhealth,Burnout is real — took 3 months off and here's what happened,8764,699,17-05-2025 09:00,0.0482,0.2277,0.1392,0.3942,0.1103,0.0804,sadness,9463
r_1520,mentalhealth,I had a panic attack at work today,7551,94,21-01-2025 12:00,0.0728,0.2315,0.1411,0.4113,0.0957,0.0476,sadness,7645
r_1521,worldnews,WHO declares new health emergency in Southeast Asia,9346,1030,17-04-2025 21:00,0.1243,0.2721,0.2055,0.1895,0.1041,0.1045,fear,10376
r_1522,worldnews,Historic peace deal signed between rival nations,9426,1175,29-03-2025 20:00,0.0582,0.2824,0.2482,0.1775,0.0752,0.1586,fear,10601
r_1523,personalfinance,Credit card debt is destroying my life,13130,370,06-04-2025 09:00,0.2221,0.3093,0.1523,0.1563,0.1078,0.0522,fear,13500
r_1524,technology,Why I switched from Mac to Linux and never looked back,2923,730,09-02-2025 05:00,0.3088,0.1593,0.1041,0.1187,0.2436,0.0654,joy,3653
r_1525,worldnews,Climate summit ends with no binding agreement,1308,1468,06-04-2025 14:00,0.044,0.3085,0.1885,0.2051,0.1039,0.15,fear,2776
r_1526,worldnews,"Floods devastate Europe, millions evacuated",9555,396,10-05-2025 10:00,0.0534,0.353,0.2005,0.1997,0.0811,0.1123,fear,9951
r_1527,personalfinance,Credit card debt is destroying my life,25634,904,03-05-2025 01:00,0.2134,0.2868,0.1137,0.1937,0.1081,0.0843,fear,26538
r_1528,worldnews,North Korea launches missiles toward Japan,2321,1447,26-02-2025 08:00,0.0734,0.2634,0.2099,0.2572,0.1166,0.0795,fear,3768
r_1529,worldnews,UN warns of global food crisis by 2026,19429,745,15-01-2025 21:00,0.0336,0.295,0.2126,0.2254,0.1418,0.0916,fear,20174
r_1530,personalfinance,How I saved $50k on a $45k salary,13873,1395,24-04-2025 23:00,0.1606,0.3698,0.1225,0.1561,0.1149,0.0761,fear,15268
r_1531,mentalhealth,Setting boundaries with toxic family members,9670,617,23-01-2025 04:00,0.0864,0.1728,0.1553,0.4264,0.0912,0.0679,sadness,10287
r_1532,worldnews,WHO declares new health emergency in Southeast Asia,3311,27,17-04-2025 05:00,0.0563,0.2985,0.2579,0.1231,0.1409,0.1232,fear,3338
r_1533,mentalhealth,Sleep deprivation and mental health — the link nobody told me,4997,604,19-03-2025 15:00,0.0977,0.2767,0.0938,0.4032,0.057,0.0716,sadness,5601
r_1534,mentalhealth,I finally told my boss about my depression,10762,686,15-03-2025 13:00,0.0445,0.1652,0.1149,0.4853,0.1099,0.0801,sadness,11448
r_1535,worldnews,Historic peace deal signed between rival nations,21319,1717,22-04-2025 08:00,0.089,0.2916,0.131,0.2232,0.11,0.1553,fear,23036
r_1536,mentalhealth,Sleep deprivation and mental health — the link nobody told me,2444,332,29-04-2025 22:00,0.1445,0.2297,0.1756,0.2964,0.0635,0.0905,sadness,2776
r_1537,worldnews,China economy contracts for first time in 30 years,8727,659,20-01-2025 16:00,0.0468,0.2595,0.2149,0.2696,0.1081,0.1011,sadness,9386
r_1538,worldnews,Refugee crisis worsens as borders close,23349,747,03-04-2025 03:00,0.0761,0.3312,0.2358,0.1574,0.1001,0.0994,fear,24096
r_1539,personalfinance,Side hustle made me more than my day job this year,2721,109,25-02-2025 04:00,0.1655,0.2169,0.1186,0.2368,0.1307,0.1315,sadness,2830
r_1540,worldnews,Nuclear power making a comeback worldwide,23208,1433,28-04-2025 02:00,0.0412,0.3137,0.2114,0.2191,0.107,0.1076,fear,24641
r_1541,technology,The real cost of AI training on environment,9841,540,29-03-2025 05:00,0.3353,0.1063,0.1564,0.1224,0.1827,0.0968,joy,10381
r_1542,personalfinance,I paid off $80k in debt in 3 years — here's how,3488,138,21-01-2025 13:00,0.2646,0.2033,0.0999,0.2114,0.1494,0.0715,joy,3626
r_1543,technology,Apple removes headphone jack again,9768,65,01-05-2025 03:00,0.3015,0.1954,0.1635,0.0691,0.1554,0.1151,joy,9833
r_1544,personalfinance,I paid off $80k in debt in 3 years — here's how,8219,372,07-02-2025 23:00,0.1333,0.2996,0.1433,0.2094,0.1568,0.0576,fear,8591
r_1545,personalfinance,I finally understand compound interest and I'm terrified,1673,597,04-01-2025 16:00,0.2021,0.221,0.1381,0.2261,0.1143,0.0985,sadness,2270
r_1546,worldnews,Amazon deforestation reaches all-time high,6136,877,31-05-2025 05:00,0.0451,0.2416,0.2775,0.2005,0.1605,0.0749,anger,7013
r_1547,mentalhealth,Grief after losing a parent — how do you cope?,1898,784,22-03-2025 03:00,0.1652,0.2015,0.1307,0.3796,0.0609,0.0621,sadness,2682
r_1548,mentalhealth,How therapy changed my life after 10 years of avoiding it,8138,123,09-04-2025 09:00,0.1081,0.2527,0.1302,0.3565,0.1032,0.0492,sadness,8261
r_1549,mentalhealth,I had a panic attack at work today,7061,198,18-01-2025 15:00,0.1171,0.2463,0.1651,0.2968,0.0662,0.1084,sadness,7259
r_1550,personalfinance,My emergency fund saved me this month,4396,360,27-01-2025 23:00,0.1341,0.324,0.147,0.1576,0.1339,0.1034,fear,4756
r_1551,worldnews,Climate summit ends with no binding agreement,7008,747,08-05-2025 08:00,0.064,0.259,0.1852,0.2731,0.1189,0.0999,sadness,7755
r_1552,personalfinance,How to negotiate a salary increase that actually works,16606,1287,28-01-2025 03:00,0.2454,0.2877,0.1116,0.1555,0.1278,0.0721,fear,17893
r_1553,personalfinance,Credit card debt is destroying my life,30936,69,25-03-2025 04:00,0.2489,0.3564,0.1132,0.1197,0.1051,0.0567,fear,31005
r_1554,personalfinance,I finally understand compound interest and I'm terrified,11165,1536,19-05-2025 10:00,0.2145,0.3046,0.1297,0.1593,0.1165,0.0754,fear,12701
r_1555,technology,Reddit API changes killed third party apps,7581,41,09-01-2025 05:00,0.2739,0.1664,0.2121,0.079,0.1903,0.0783,joy,7622
r_1556,personalfinance,FIRE movement — is it realistic for normal people?,27329,1206,27-05-2025 15:00,0.2467,0.2735,0.0961,0.206,0.126,0.0516,fear,28535
r_1557,mentalhealth,My experience with antidepressants — honest review,5829,789,14-03-2025 10:00,0.13,0.2198,0.1158,0.3456,0.1073,0.0815,sadness,6618
r_1558,technology,GPT-5 just dropped and it's insane,10292,354,08-04-2025 03:00,0.3419,0.1027,0.1267,0.1071,0.2182,0.1035,joy,10646
r_1559,mentalhealth,Social media is making my anxiety 10x worse,1441,709,17-01-2025 09:00,0.1721,0.2444,0.0939,0.3558,0.0636,0.0703,sadness,2150
